feature_i,feature_j,correlation,abs_correlation
6,30,-0.19463694666083312,0.19463694666083312
46,57,-0.17209660083357542,0.17209660083357542
29,46,-0.1702433347450349,0.1702433347450349
17,38,-0.1674014531544257,0.1674014531544257
17,42,0.16243091175248958,0.16243091175248958
53,54,0.16112378110952563,0.16112378110952563
10,17,0.15495574543102927,0.15495574543102927
43,49,-0.15343900863641266,0.15343900863641266
57,63,-0.15228504455493153,0.15228504455493153
30,54,0.15154827669820428,0.15154827669820428
36,50,-0.1492083705282531,0.1492083705282531
26,58,-0.14894226164612,0.14894226164612
32,56,0.14868980492605527,0.14868980492605527
3,37,-0.14714591821668455,0.14714591821668455
43,52,-0.1443970482210948,0.1443970482210948
4,9,0.14422992611337393,0.14422992611337393
52,60,0.14311413151477734,0.14311413151477734
13,49,0.1428225778068658,0.1428225778068658
9,47,0.1424496543714552,0.1424496543714552
32,44,-0.14168642926907923,0.14168642926907923
13,35,-0.14057630809989508,0.14057630809989508
29,61,-0.13981596487148304,0.13981596487148304
33,47,-0.13910967564918947,0.13910967564918947
0,54,0.13727740655618867,0.13727740655618867
16,50,-0.1368422764490667,0.1368422764490667
15,44,0.13623294750394077,0.13623294750394077
55,63,0.13561996206378085,0.13561996206378085
18,29,-0.1353549459028716,0.1353549459028716
29,51,-0.13528463420425027,0.13528463420425027
0,58,0.1347026446101874,0.1347026446101874
14,28,-0.13455773971040016,0.13455773971040016
3,62,0.13453666315835183,0.13453666315835183
17,46,0.13414742979228722,0.13414742979228722
28,53,0.13280486280675147,0.13280486280675147
32,47,0.1321660692612823,0.1321660692612823
19,42,-0.13038449513404674,0.13038449513404674
8,16,0.12914570089815652,0.12914570089815652
24,59,-0.12886641584224823,0.12886641584224823
37,50,0.12876248689153522,0.12876248689153522
22,30,-0.1280758379705035,0.1280758379705035
30,46,-0.12780151433665862,0.12780151433665862
19,37,-0.12775420499371284,0.12775420499371284
4,60,-0.12768768766110258,0.12768768766110258
44,58,0.12758527383879822,0.12758527383879822
0,38,0.12740126674248498,0.12740126674248498
6,32,0.1270602614578989,0.1270602614578989
21,49,0.12692138459420788,0.12692138459420788
11,20,0.1263810273276639,0.1263810273276639
4,28,-0.1260859085915524,0.1260859085915524
2,52,0.12599552503265007,0.12599552503265007
1,21,0.12568655457751313,0.12568655457751313
2,51,0.12539085173136932,0.12539085173136932
6,37,-0.12523991349572686,0.12523991349572686
4,57,-0.1250942398936428,0.1250942398936428
1,48,-0.12453742199389302,0.12453742199389302
34,40,0.12379250704722218,0.12379250704722218
51,59,0.1235699261180597,0.1235699261180597
6,22,0.12319616294839224,0.12319616294839224
29,42,0.12226053714685846,0.12226053714685846
20,32,-0.1219459023532867,0.1219459023532867
3,39,-0.12166824957056821,0.12166824957056821
45,54,-0.12157854611020863,0.12157854611020863
44,54,0.12147735903033387,0.12147735903033387
39,57,0.12130856184320656,0.12130856184320656
2,42,0.12108899935011073,0.12108899935011073
43,55,-0.1209238900456455,0.1209238900456455
37,42,0.12083712537272874,0.12083712537272874
9,32,0.12082102460427846,0.12082102460427846
10,42,0.12057081050188301,0.12057081050188301
3,61,-0.12006835980023131,0.12006835980023131
19,58,-0.11980628374536724,0.11980628374536724
3,31,0.11973109535533846,0.11973109535533846
29,50,0.11948488496903026,0.11948488496903026
48,63,0.11913882176613552,0.11913882176613552
14,43,-0.11898011645625282,0.11898011645625282
11,12,0.11878676865905884,0.11878676865905884
28,60,0.11831931937862315,0.11831931937862315
9,28,-0.11822686483356425,0.11822686483356425
13,41,0.11744019084722157,0.11744019084722157
37,58,0.11730350703551386,0.11730350703551386
39,54,0.11722733132107033,0.11722733132107033
4,13,0.11654210339504001,0.11654210339504001
2,54,-0.11616222348297167,0.11616222348297167
25,50,0.11591568013823873,0.11591568013823873
24,38,-0.1158125905361446,0.1158125905361446
19,45,0.11571078120401616,0.11571078120401616
0,29,0.11541577342545073,0.11541577342545073
50,54,0.11528998455480165,0.11528998455480165
26,52,-0.11512751264822178,0.11512751264822178
42,52,0.11469050761892009,0.11469050761892009
32,50,-0.11432152713542641,0.11432152713542641
9,41,-0.1140635885462885,0.1140635885462885
12,33,-0.11333213429638443,0.11333213429638443
13,45,-0.11327540858505626,0.11327540858505626
22,47,0.1131509135576662,0.1131509135576662
11,42,-0.11273520674193849,0.11273520674193849
46,63,0.11270448918729681,0.11270448918729681
9,39,-0.1119455696056547,0.1119455696056547
13,44,-0.11182159072148162,0.11182159072148162
32,38,-0.11169116634373506,0.11169116634373506
4,38,-0.11154710721961135,0.11154710721961135
53,55,0.1114142227849815,0.1114142227849815
25,60,0.11121476439280395,0.11121476439280395
25,30,0.11117120762925692,0.11117120762925692
1,32,0.1109995861713496,0.1109995861713496
13,27,-0.11062478348916431,0.11062478348916431
5,8,-0.11037049486606391,0.11037049486606391
16,54,-0.11004986775223781,0.11004986775223781
37,45,-0.10972959039777085,0.10972959039777085
16,41,0.10953311168390288,0.10953311168390288
50,55,-0.10938197274459578,0.10938197274459578
0,39,0.10916851722428976,0.10916851722428976
42,50,0.10898262607541088,0.10898262607541088
0,36,-0.10889791051718772,0.10889791051718772
31,48,-0.10888504817013166,0.10888504817013166
4,17,0.10880877271913812,0.10880877271913812
6,29,-0.10880833213910744,0.10880833213910744
0,16,-0.10858631153906352,0.10858631153906352
41,48,0.10845311151031532,0.10845311151031532
0,7,0.10833205561375821,0.10833205561375821
23,25,0.10738129620530631,0.10738129620530631
39,53,0.1073011323810836,0.1073011323810836
21,30,-0.10724727770134151,0.10724727770134151
16,29,-0.10720099764576937,0.10720099764576937
7,25,0.10711329417435908,0.10711329417435908
25,54,0.10706430063415774,0.10706430063415774
28,52,0.1069501800444014,0.1069501800444014
8,51,-0.10661541447053823,0.10661541447053823
15,48,-0.10611567559517787,0.10611567559517787
26,28,-0.1056278939858292,0.1056278939858292
13,55,0.10561238148351493,0.10561238148351493
24,30,-0.10559583510822496,0.10559583510822496
34,51,-0.10555482932816537,0.10555482932816537
16,55,0.10539545264837447,0.10539545264837447
17,51,0.1053158662974418,0.1053158662974418
15,33,-0.1052470246241289,0.1052470246241289
38,50,0.10462778865097118,0.10462778865097118
19,40,-0.10460893372446349,0.10460893372446349
51,54,-0.1045536788134532,0.1045536788134532
25,48,0.10447515544282288,0.10447515544282288
26,57,-0.10434488522559655,0.10434488522559655
24,52,-0.10424919479087587,0.10424919479087587
5,58,0.10336600322710215,0.10336600322710215
29,37,0.10327026516319616,0.10327026516319616
19,29,-0.10320372082757442,0.10320372082757442
9,17,-0.10311644841284894,0.10311644841284894
0,15,0.1027989436391672,0.1027989436391672
14,51,-0.10276991611667595,0.10276991611667595
46,50,-0.10244342830153882,0.10244342830153882
28,45,-0.10240468964621141,0.10240468964621141
13,25,-0.10240137070125178,0.10240137070125178
39,55,0.10196194046070725,0.10196194046070725
7,28,0.10188327659278615,0.10188327659278615
24,42,-0.10171808171549786,0.10171808171549786
22,46,0.10166332213533673,0.10166332213533673
6,62,0.10164881188136622,0.10164881188136622
21,25,-0.10164514499981775,0.10164514499981775
62,63,0.10153467357596328,0.10153467357596328
24,47,0.1014766388272164,0.1014766388272164
4,46,0.10131516330061084,0.10131516330061084
7,19,0.10106519024801068,0.10106519024801068
31,47,-0.10090277582754958,0.10090277582754958
16,21,0.10075440530639142,0.10075440530639142
36,42,-0.10054575543220004,0.10054575543220004
9,11,-0.10042095310376867,0.10042095310376867
21,57,-0.10030768572127513,0.10030768572127513
17,45,-0.10019139047075003,0.10019139047075003
23,50,0.10015247194556055,0.10015247194556055
33,51,0.09989114481088678,0.09989114481088678
49,61,0.09976318294136914,0.09976318294136914
1,19,0.0996890236070497,0.0996890236070497
2,30,-0.09954321053371337,0.09954321053371337
38,51,-0.09953441560399613,0.09953441560399613
2,49,0.09952283824221594,0.09952283824221594
19,50,-0.09936137619975546,0.09936137619975546
23,39,0.09922933079897397,0.09922933079897397
18,26,-0.09893563339177695,0.09893563339177695
46,60,-0.09850613013647005,0.09850613013647005
19,47,-0.09850574617303356,0.09850574617303356
4,52,-0.09824519573461571,0.09824519573461571
20,22,0.09810498948750401,0.09810498948750401
35,52,0.09806854992257988,0.09806854992257988
24,56,0.09790726881245797,0.09790726881245797
40,46,0.0978956310472394,0.0978956310472394
22,58,0.09782053334184687,0.09782053334184687
30,36,-0.09778167908488188,0.09778167908488188
14,24,-0.09764669017911551,0.09764669017911551
10,32,-0.09757798820742665,0.09757798820742665
9,50,-0.09741044869811773,0.09741044869811773
27,62,0.09721197320193968,0.09721197320193968
8,22,-0.09706824009088788,0.09706824009088788
32,45,0.09705306532352898,0.09705306532352898
14,62,0.09685608140945089,0.09685608140945089
7,9,-0.09669764839649031,0.09669764839649031
31,56,0.09667224156377487,0.09667224156377487
38,58,0.0965009027827392,0.0965009027827392
1,37,-0.09641418575447962,0.09641418575447962
8,35,-0.09632272834996894,0.09632272834996894
46,54,-0.09621511369475422,0.09621511369475422
18,42,-0.0960446601671387,0.0960446601671387
37,52,0.09592601818067348,0.09592601818067348
28,54,0.09588826151139095,0.09588826151139095
21,34,-0.09581957233542993,0.09581957233542993
2,56,0.09576597592441734,0.09576597592441734
30,31,-0.09564333763492111,0.09564333763492111
22,43,0.09561344855331153,0.09561344855331153
27,52,0.09554697114207147,0.09554697114207147
0,57,0.09546895792692366,0.09546895792692366
13,48,0.09542742842023731,0.09542742842023731
12,38,0.09505890239560086,0.09505890239560086
36,37,-0.09502066578089682,0.09502066578089682
6,45,0.09498296469091169,0.09498296469091169
4,32,0.09479108180074083,0.09479108180074083
4,61,0.0946931290969736,0.0946931290969736
19,36,0.09447443401468653,0.09447443401468653
19,30,-0.09445596669674312,0.09445596669674312
4,43,-0.09443244697452967,0.09443244697452967
35,57,0.09407379077878876,0.09407379077878876
24,51,-0.09379671874735762,0.09379671874735762
36,54,-0.09372814481035445,0.09372814481035445
4,36,0.0936351641406238,0.0936351641406238
50,58,0.09350639131518985,0.09350639131518985
16,19,0.09348229656881914,0.09348229656881914
34,55,-0.09341536164461939,0.09341536164461939
10,16,0.09315263572953296,0.09315263572953296
4,25,-0.09300190944465435,0.09300190944465435
5,15,-0.09280112877129641,0.09280112877129641
13,63,0.09274206545861052,0.09274206545861052
17,28,0.09272722479079051,0.09272722479079051
14,22,0.09271564374833581,0.09271564374833581
38,44,0.09234075293131377,0.09234075293131377
13,26,0.09232985428163759,0.09232985428163759
44,50,0.09219936806317032,0.09219936806317032
9,25,-0.09213058284842618,0.09213058284842618
24,53,0.09203286941834907,0.09203286941834907
21,35,-0.09172196711819258,0.09172196711819258
13,37,-0.09133967539156507,0.09133967539156507
2,15,-0.09133573365298123,0.09133573365298123
15,45,0.09114204878589693,0.09114204878589693
16,27,-0.09108938963431006,0.09108938963431006
29,59,0.09101754072749632,0.09101754072749632
31,38,-0.09088776839577763,0.09088776839577763
4,33,0.09088661571750362,0.09088661571750362
4,41,-0.09045623404003336,0.09045623404003336
46,51,0.09041461461431206,0.09041461461431206
14,26,0.09026643230311836,0.09026643230311836
11,29,-0.08991672891135916,0.08991672891135916
21,54,-0.08986516375463811,0.08986516375463811
25,42,0.08944842989709188,0.08944842989709188
1,20,-0.0894334926109676,0.0894334926109676
16,62,-0.08907324510242047,0.08907324510242047
45,61,0.08888326007751339,0.08888326007751339
34,52,0.08863463153214222,0.08863463153214222
43,60,-0.0884406623149202,0.0884406623149202
33,41,-0.08837681381904709,0.08837681381904709
20,54,0.08835217484976673,0.08835217484976673
41,62,-0.08830207542541142,0.08830207542541142
19,56,0.08815907461032724,0.08815907461032724
24,32,0.08807880584322242,0.08807880584322242
5,51,0.08807190003051282,0.08807190003051282
40,62,-0.08805083039612804,0.08805083039612804
8,37,0.08804027837153677,0.08804027837153677
20,59,0.08800705598466955,0.08800705598466955
38,56,-0.08798959276494914,0.08798959276494914
8,15,0.0879429481932022,0.0879429481932022
13,57,-0.0878609893319394,0.0878609893319394
1,40,0.08780312337457324,0.08780312337457324
46,49,-0.08777876819084207,0.08777876819084207
9,27,0.08767053196489148,0.08767053196489148
28,39,0.08756831752002978,0.08756831752002978
23,45,-0.08754097760043622,0.08754097760043622
15,43,0.08736152749499279,0.08736152749499279
39,58,0.08727486445784961,0.08727486445784961
1,58,-0.08726106789845524,0.08726106789845524
50,51,-0.08725698699962718,0.08725698699962718
34,37,0.08696825656502326,0.08696825656502326
20,37,0.08695716347813805,0.08695716347813805
13,20,-0.0866815686016584,0.0866815686016584
20,39,0.08668026165669218,0.08668026165669218
14,57,-0.08624852185937891,0.08624852185937891
26,40,-0.08619264274858467,0.08619264274858467
48,59,-0.0861781485358879,0.0861781485358879
3,54,-0.08617336837897818,0.08617336837897818
19,32,0.08616290491215135,0.08616290491215135
8,58,-0.08613057271375933,0.08613057271375933
1,23,-0.08612443877403739,0.08612443877403739
3,30,0.08600884983828762,0.08600884983828762
23,56,-0.0859957558452698,0.0859957558452698
41,47,-0.08581473734712122,0.08581473734712122
2,44,-0.08580261713795902,0.08580261713795902
2,33,0.08555723922821885,0.08555723922821885
4,29,-0.08532508551301801,0.08532508551301801
38,61,0.08528159502086176,0.08528159502086176
13,34,-0.08522577457724342,0.08522577457724342
11,50,-0.08511403659541533,0.08511403659541533
8,13,0.08506462022382127,0.08506462022382127
54,58,0.0850073586693177,0.0850073586693177
0,50,0.08500096520286238,0.08500096520286238
1,57,-0.08494228996348217,0.08494228996348217
30,60,0.08490535967183219,0.08490535967183219
29,63,-0.08479887288963443,0.08479887288963443
28,50,0.08468555956902012,0.08468555956902012
49,53,0.08459901479072708,0.08459901479072708
9,57,-0.08459827752401564,0.08459827752401564
33,57,-0.08440672837736124,0.08440672837736124
16,49,0.08398720391613282,0.08398720391613282
4,62,-0.08392992014721982,0.08392992014721982
32,55,0.0838216405436135,0.0838216405436135
36,43,-0.0837391980472504,0.0837391980472504
34,54,0.08348482964936386,0.08348482964936386
18,50,-0.08313615736984588,0.08313615736984588
14,42,-0.08309225044051076,0.08309225044051076
7,57,0.08306488896643557,0.08306488896643557
57,60,0.08292726835011824,0.08292726835011824
47,49,-0.08292692532074925,0.08292692532074925
25,44,0.08286848937746644,0.08286848937746644
19,54,-0.08283942050129864,0.08283942050129864
18,31,-0.08274832264546915,0.08274832264546915
6,51,0.08256790611874085,0.08256790611874085
16,26,0.08254628111450411,0.08254628111450411
13,53,-0.08250858075971146,0.08250858075971146
35,56,0.08246176365619791,0.08246176365619791
56,59,-0.08227889300340614,0.08227889300340614
39,62,-0.0822679295596084,0.0822679295596084
32,57,-0.08225758982241466,0.08225758982241466
13,21,0.08220766777596852,0.08220766777596852
37,54,0.08219647063990272,0.08219647063990272
26,60,-0.08216240746708703,0.08216240746708703
5,33,0.082117879443326,0.082117879443326
0,42,0.08199064662705234,0.08199064662705234
16,25,-0.08197511485223688,0.08197511485223688
17,32,-0.08195601722861863,0.08195601722861863
0,48,-0.08192971923433812,0.08192971923433812
10,63,0.08187592515519636,0.08187592515519636
4,31,0.08182729684443603,0.08182729684443603
28,57,0.08181374315571469,0.08181374315571469
37,57,0.08159405249950037,0.08159405249950037
5,62,-0.08141623533405395,0.08141623533405395
1,22,-0.08099115776421775,0.08099115776421775
46,47,0.0806635585833327,0.0806635585833327
10,49,0.08060334665542113,0.08060334665542113
32,52,0.08051474720469069,0.08051474720469069
20,53,0.08042913233701723,0.08042913233701723
52,63,-0.08038636584557313,0.08038636584557313
57,58,0.0803745125839346,0.0803745125839346
0,9,-0.08035001637946468,0.08035001637946468
6,54,-0.08026145624279023,0.08026145624279023
46,53,-0.0802244750541378,0.0802244750541378
3,11,0.0801515630927011,0.0801515630927011
28,59,0.08011457078175364,0.08011457078175364
42,60,0.08002676791558822,0.08002676791558822
9,18,0.07990398662368017,0.07990398662368017
18,32,-0.07985111562655374,0.07985111562655374
22,36,-0.07973484052940727,0.07973484052940727
17,20,0.07954546917348781,0.07954546917348781
5,30,0.07951629801709476,0.07951629801709476
58,62,0.07948161599989488,0.07948161599989488
18,55,0.07946984058110018,0.07946984058110018
6,55,0.07940447960365843,0.07940447960365843
28,55,0.07940141413169018,0.07940141413169018
10,43,-0.07938937095357405,0.07938937095357405
0,28,0.07935620632134173,0.07935620632134173
5,52,0.07918576022735294,0.07918576022735294
6,49,0.07912509668578298,0.07912509668578298
27,56,0.07910965025728137,0.07910965025728137
54,57,0.07906216313780966,0.07906216313780966
26,47,-0.07905890716125549,0.07905890716125549
24,61,-0.07889461087022934,0.07889461087022934
3,28,-0.07874589652092824,0.07874589652092824
37,39,0.07866436545599065,0.07866436545599065
14,45,0.07854361551260891,0.07854361551260891
44,61,-0.07839877135051902,0.07839877135051902
42,45,-0.07824800462180498,0.07824800462180498
10,30,-0.07794267768935616,0.07794267768935616
45,58,-0.07759643220457048,0.07759643220457048
2,17,0.07749612095819178,0.07749612095819178
16,48,0.07744791242749027,0.07744791242749027
15,49,-0.07734118020462237,0.07734118020462237
17,52,-0.07733161772606012,0.07733161772606012
7,37,-0.07725047080151069,0.07725047080151069
12,30,0.07724123069956533,0.07724123069956533
19,49,0.07706504491495295,0.07706504491495295
17,19,-0.07702689632287214,0.07702689632287214
54,60,0.07700912247484223,0.07700912247484223
0,30,0.07677211218914877,0.07677211218914877
15,35,-0.07669233662998828,0.07669233662998828
5,39,-0.07661217852507811,0.07661217852507811
16,33,-0.076237677103548,0.076237677103548
19,51,0.07609109468437643,0.07609109468437643
52,56,0.07571088132627211,0.07571088132627211
9,58,-0.07549878328873336,0.07549878328873336
27,32,0.07513380736634874,0.07513380736634874
27,28,0.0749123770876935,0.0749123770876935
44,53,0.07467018738926845,0.07467018738926845
2,32,0.0743450980576447,0.0743450980576447
0,4,-0.0742027224574758,0.0742027224574758
1,44,0.0741714510095476,0.0741714510095476
9,19,-0.07407821874973858,0.07407821874973858
25,47,-0.07401722352548719,0.07401722352548719
8,59,-0.07387035526719547,0.07387035526719547
28,58,0.07383040819877063,0.07383040819877063
11,18,0.07380654037431367,0.07380654037431367
8,56,0.07376854521651326,0.07376854521651326
21,60,-0.07371761915818122,0.07371761915818122
38,54,0.07364703308581265,0.07364703308581265
27,37,0.07356054406209278,0.07356054406209278
4,19,0.0735496697398498,0.0735496697398498
26,30,-0.07344725880139064,0.07344725880139064
13,50,-0.07342254052965835,0.07342254052965835
16,37,-0.07341339912269652,0.07341339912269652
33,39,0.07330831289331433,0.07330831289331433
16,45,0.07329149340090722,0.07329149340090722
4,37,-0.07328688966571954,0.07328688966571954
12,57,0.07325857306662345,0.07325857306662345
33,36,0.07322425430307115,0.07322425430307115
8,27,-0.07320560069184064,0.07320560069184064
38,42,0.07292588259963927,0.07292588259963927
31,63,-0.072710185393462,0.072710185393462
9,53,-0.07259790261179355,0.07259790261179355
56,60,0.07259446938764248,0.07259446938764248
30,45,-0.07257120618848605,0.07257120618848605
19,61,0.07256351274843417,0.07256351274843417
50,63,-0.07251582011307559,0.07251582011307559
37,44,0.07248793932381917,0.07248793932381917
27,55,-0.07246774168776132,0.07246774168776132
0,41,-0.0724358748592196,0.0724358748592196
24,28,0.07238275867204047,0.07238275867204047
38,39,0.07230972902821692,0.07230972902821692
9,20,-0.0720906105201354,0.0720906105201354
43,63,-0.07209011635911786,0.07209011635911786
4,20,-0.07197492537492159,0.07197492537492159
40,59,-0.07193203964193656,0.07193203964193656
27,31,0.07186403884815433,0.07186403884815433
40,45,0.07185991225242971,0.07185991225242971
9,33,-0.07183187351234083,0.07183187351234083
42,49,0.07181054952162197,0.07181054952162197
11,44,0.071732654797057,0.071732654797057
60,62,0.07170153539109426,0.07170153539109426
28,61,0.07144364088089862,0.07144364088089862
14,53,-0.07144034748724719,0.07144034748724719
28,38,0.07144026223029368,0.07144026223029368
9,59,-0.0712525933510533,0.0712525933510533
24,25,-0.07125185403464047,0.07125185403464047
8,12,-0.07124704521367908,0.07124704521367908
11,41,0.07120572581129647,0.07120572581129647
30,57,0.07116904154626116,0.07116904154626116
4,63,0.07112300327536612,0.07112300327536612
12,59,0.07110854685846023,0.07110854685846023
31,51,-0.07107136024895654,0.07107136024895654
29,48,-0.07104077744694413,0.07104077744694413
3,58,-0.07103060940402492,0.07103060940402492
27,60,0.07102249576001962,0.07102249576001962
5,26,-0.0710207400805419,0.0710207400805419
8,53,-0.0710074022075982,0.0710074022075982
20,43,0.0709613914467059,0.0709613914467059
25,37,0.07094465108430988,0.07094465108430988
20,23,0.07086659268396865,0.07086659268396865
49,51,0.07080619554733565,0.07080619554733565
43,46,-0.07065903966232356,0.07065903966232356
10,14,-0.07059891564888704,0.07059891564888704
49,56,-0.07055547498453472,0.07055547498453472
2,60,-0.07054979617712588,0.07054979617712588
33,46,0.07053483206621744,0.07053483206621744
6,17,-0.07050044482157623,0.07050044482157623
14,27,0.07044584336865348,0.07044584336865348
58,61,0.07039085105801421,0.07039085105801421
14,18,0.0703756291270632,0.0703756291270632
14,33,-0.07034079905267818,0.07034079905267818
0,45,-0.07026211908558004,0.07026211908558004
46,59,-0.070016829451392,0.070016829451392
25,57,0.0699806699531838,0.0699806699531838
18,54,-0.0699542631794931,0.0699542631794931
33,61,-0.06995099662645297,0.06995099662645297
10,33,-0.06993119058404113,0.06993119058404113
17,63,-0.06987656655727972,0.06987656655727972
13,36,-0.06985789151795185,0.06985789151795185
10,41,0.06980498197634834,0.06980498197634834
21,59,-0.06975923334201282,0.06975923334201282
2,45,-0.0697117470551043,0.0697117470551043
55,62,0.06967894410588041,0.06967894410588041
25,31,-0.06946692663601632,0.06946692663601632
16,42,-0.06945096647387235,0.06945096647387235
13,40,-0.06943130992067587,0.06943130992067587
44,48,-0.06936607179871329,0.06936607179871329
27,40,-0.06929056240181719,0.06929056240181719
0,5,-0.06924261665688489,0.06924261665688489
47,57,-0.06909806155009596,0.06909806155009596
21,23,-0.06899121699287776,0.06899121699287776
3,26,0.06872679642391186,0.06872679642391186
41,57,0.06872589941772446,0.06872589941772446
7,39,0.06864697589624441,0.06864697589624441
29,30,0.06855671545591548,0.06855671545591548
27,46,-0.06832869651814054,0.06832869651814054
41,63,-0.06823425264756099,0.06823425264756099
10,51,0.06819184017513517,0.06819184017513517
48,61,-0.06818474587890985,0.06818474587890985
15,53,-0.06816887323716687,0.06816887323716687
1,53,0.06786992117831582,0.06786992117831582
0,46,-0.06758323749589125,0.06758323749589125
18,60,-0.0675114293332924,0.0675114293332924
28,31,-0.067508847567858,0.067508847567858
13,31,-0.06748898784402241,0.06748898784402241
48,57,0.06743803728288507,0.06743803728288507
17,21,0.06741348241677254,0.06741348241677254
31,32,-0.06734134500018436,0.06734134500018436
51,63,0.06734009085161874,0.06734009085161874
1,9,0.06725363883681683,0.06725363883681683
1,12,-0.06722959670922386,0.06722959670922386
39,43,-0.06706361638470452,0.06706361638470452
14,41,-0.06700606384636143,0.06700606384636143
1,8,-0.0669958078475355,0.0669958078475355
4,54,-0.0669950353389934,0.0669950353389934
18,48,0.06699501240424369,0.06699501240424369
37,46,-0.06691034542534324,0.06691034542534324
19,20,-0.06689100872826942,0.06689100872826942
32,41,-0.06688829722816264,0.06688829722816264
33,44,-0.0668804905768224,0.0668804905768224
22,39,0.06683812170311856,0.06683812170311856
5,49,0.06678826000401515,0.06678826000401515
22,50,0.0666566187271517,0.0666566187271517
10,19,-0.06664457200970239,0.06664457200970239
22,45,-0.06640848926458816,0.06640848926458816
7,42,0.06613881646690416,0.06613881646690416
22,62,0.0660127872902466,0.0660127872902466
15,30,-0.06599483197009126,0.06599483197009126
31,40,-0.06596042889423917,0.06596042889423917
18,23,-0.0658394379992449,0.0658394379992449
11,43,-0.0657237843259452,0.0657237843259452
4,42,-0.0656803483319451,0.0656803483319451
23,26,0.06555308408032995,0.06555308408032995
2,11,0.065462751660664,0.065462751660664
15,63,-0.0653927652562808,0.0653927652562808
36,40,-0.06538298235958664,0.06538298235958664
32,42,-0.06522080539005418,0.06522080539005418
59,62,-0.06505535792766469,0.06505535792766469
22,35,0.06498733657286677,0.06498733657286677
9,40,0.06496674434482592,0.06496674434482592
22,52,-0.06492858848357162,0.06492858848357162
9,10,-0.06483974831619423,0.06483974831619423
10,28,0.06475100720202985,0.06475100720202985
21,55,0.06470409472482475,0.06470409472482475
43,62,-0.06469965803663237,0.06469965803663237
14,59,-0.06469095739485348,0.06469095739485348
5,32,-0.06464201127228655,0.06464201127228655
29,31,0.06456925470374038,0.06456925470374038
42,44,0.06451248347582368,0.06451248347582368
10,60,0.06426419488616662,0.06426419488616662
40,51,-0.06425912592026127,0.06425912592026127
10,55,0.06424009684616619,0.06424009684616619
52,61,0.06419307149600892,0.06419307149600892
18,25,-0.06419131371864886,0.06419131371864886
0,33,-0.06411878582558529,0.06411878582558529
42,51,0.06403653994589797,0.06403653994589797
9,54,-0.06398123290047096,0.06398123290047096
19,21,0.06394145725843602,0.06394145725843602
26,34,-0.06391437724743364,0.06391437724743364
11,13,-0.06385243453387777,0.06385243453387777
6,33,0.06380796931118607,0.06380796931118607
5,36,0.06380265807705832,0.06380265807705832
1,41,-0.06367260730914151,0.06367260730914151
25,46,-0.06359595607012626,0.06359595607012626
13,23,0.06349640836424346,0.06349640836424346
22,49,0.06345170076165074,0.06345170076165074
11,40,0.06345046031366294,0.06345046031366294
25,52,0.06334780225211317,0.06334780225211317
43,53,-0.06333127618419954,0.06333127618419954
29,36,-0.06319311662195612,0.06319311662195612
19,63,-0.06314103150327824,0.06314103150327824
33,48,0.06303300228443892,0.06303300228443892
13,16,0.06299249124435323,0.06299249124435323
45,56,-0.0629468834367557,0.0629468834367557
13,32,0.06285992564462868,0.06285992564462868
12,31,-0.06282923141868277,0.06282923141868277
45,59,-0.06279980201177753,0.06279980201177753
29,43,0.06273888582864952,0.06273888582864952
31,41,-0.06268261230513024,0.06268261230513024
7,29,0.06267005524999199,0.06267005524999199
27,41,-0.06266587130977165,0.06266587130977165
16,60,-0.06259437178393625,0.06259437178393625
0,1,-0.06256091259216517,0.06256091259216517
37,48,-0.06243982064813625,0.06243982064813625
39,51,-0.06237224845286993,0.06237224845286993
50,61,-0.06230153264710355,0.06230153264710355
25,29,0.062152435617978154,0.062152435617978154
12,48,0.06192411319700824,0.06192411319700824
23,40,-0.06191099234947604,0.06191099234947604
41,59,0.061781258620835805,0.061781258620835805
5,57,0.06160838904163905,0.06160838904163905
53,56,-0.06140467700944049,0.06140467700944049
49,63,0.06138674298051437,0.06138674298051437
9,35,0.06127283533573981,0.06127283533573981
18,62,0.061205732579736785,0.061205732579736785
15,27,-0.06116107066635825,0.06116107066635825
25,28,0.06113137610485207,0.06113137610485207
16,17,0.061095413554172,0.061095413554172
38,52,0.06102373253022542,0.06102373253022542
14,30,-0.06094294915378818,0.06094294915378818
6,27,-0.06092431646471084,0.06092431646471084
35,55,-0.06089614712128132,0.06089614712128132
17,54,-0.06080343966449273,0.06080343966449273
16,32,0.060793002312317726,0.060793002312317726
44,63,-0.06069504355455169,0.06069504355455169
13,18,0.06061788290833334,0.06061788290833334
35,38,-0.060482669819719496,0.060482669819719496
8,25,-0.06044855418395661,0.06044855418395661
41,50,0.06040753693236807,0.06040753693236807
4,34,-0.06039014806655218,0.06039014806655218
12,37,0.06031451471003471,0.06031451471003471
0,23,0.060304395366489114,0.060304395366489114
51,58,-0.06024931314191346,0.06024931314191346
21,52,-0.0600410438916775,0.0600410438916775
34,60,0.06001787141534444,0.06001787141534444
6,41,-0.060016815351917864,0.060016815351917864
3,34,-0.05996210201516478,0.05996210201516478
3,18,-0.05992149205555846,0.05992149205555846
4,55,0.05991505284900434,0.05991505284900434
10,35,-0.05988784071133667,0.05988784071133667
5,54,0.05985165382545571,0.05985165382545571
19,55,0.05983610986609461,0.05983610986609461
5,17,-0.05966687227324358,0.05966687227324358
7,56,0.059627339726278844,0.059627339726278844
0,60,0.059569156268671215,0.059569156268671215
9,48,-0.059550927294785165,0.059550927294785165
2,22,0.059530425156222914,0.059530425156222914
13,38,0.059464028447424634,0.059464028447424634
23,54,0.05941622945114132,0.05941622945114132
18,43,-0.05937045091104756,0.05937045091104756
11,27,-0.059342632384510374,0.059342632384510374
12,49,0.05927226359780013,0.05927226359780013
26,35,-0.059264532646858346,0.059264532646858346
18,58,0.05920376723130034,0.05920376723130034
4,51,0.059178161870324125,0.059178161870324125
0,37,0.059132501396042605,0.059132501396042605
16,61,0.059003515618054996,0.059003515618054996
16,35,-0.058973418339637595,0.058973418339637595
6,57,-0.058787828087633914,0.058787828087633914
29,38,-0.05870798744114223,0.05870798744114223
16,36,0.05867479739322674,0.05867479739322674
39,59,0.05865929153651747,0.05865929153651747
3,24,-0.05861045765253247,0.05861045765253247
32,35,0.058568181843331735,0.058568181843331735
38,59,-0.0583583661142776,0.0583583661142776
32,61,-0.058292372869179404,0.058292372869179404
15,55,-0.05823166019525702,0.05823166019525702
35,40,0.05806199670955501,0.05806199670955501
17,62,-0.05793661126495983,0.05793661126495983
49,62,0.05779053263115045,0.05779053263115045
20,30,-0.05777094068099668,0.05777094068099668
28,62,0.05774856865499248,0.05774856865499248
27,43,-0.05767588893959964,0.05767588893959964
53,59,0.05767412598159603,0.05767412598159603
27,47,0.05764400194988926,0.05764400194988926
15,29,0.057627262705813614,0.057627262705813614
24,35,0.057590614633078144,0.057590614633078144
2,47,0.057584103874244945,0.057584103874244945
1,62,-0.05749392107315338,0.05749392107315338
18,49,0.05745801264032648,0.05745801264032648
15,58,-0.0574575292147367,0.0574575292147367
44,49,0.057456824393751466,0.057456824393751466
12,32,-0.05741884217050489,0.05741884217050489
30,52,0.05740524854309751,0.05740524854309751
32,40,0.05739627125066258,0.05739627125066258
49,55,0.057254074267996315,0.057254074267996315
29,33,-0.05705872425239533,0.05705872425239533
17,60,-0.056923739461887016,0.056923739461887016
3,48,0.05675830878436919,0.05675830878436919
21,61,0.056707352330465095,0.056707352330465095
13,39,-0.056621403116381856,0.056621403116381856
17,18,0.056612214310168704,0.056612214310168704
48,51,0.056601864439918805,0.056601864439918805
17,57,-0.056552519452550715,0.056552519452550715
22,53,0.05636683697757156,0.05636683697757156
4,58,-0.05634972378619454,0.05634972378619454
35,39,0.05633852778798963,0.05633852778798963
5,29,-0.05632759642088161,0.05632759642088161
28,42,0.05628770046992646,0.05628770046992646
30,42,0.056168212731361085,0.056168212731361085
23,32,-0.05604655191263391,0.05604655191263391
17,34,-0.055999512442861006,0.055999512442861006
8,21,0.05595246679288717,0.05595246679288717
5,16,-0.05592288645422902,0.05592288645422902
23,51,0.05560204464217659,0.05560204464217659
15,52,-0.05540174014239771,0.05540174014239771
16,34,-0.055268178147753935,0.055268178147753935
7,23,0.055262552556130766,0.055262552556130766
48,50,-0.055194772110948934,0.055194772110948934
5,35,0.05517779698309339,0.05517779698309339
32,54,-0.05515893157674033,0.05515893157674033
10,31,-0.05515777871618633,0.05515777871618633
17,48,-0.055155950196683755,0.055155950196683755
38,60,0.055103188454874996,0.055103188454874996
18,63,0.05502434728824021,0.05502434728824021
0,56,0.05500708752960866,0.05500708752960866
31,43,0.05498666629347879,0.05498666629347879
6,50,-0.054955814850015806,0.054955814850015806
41,54,0.05492534012619093,0.05492534012619093
19,39,0.05482402085435787,0.05482402085435787
28,48,-0.054762233917710595,0.054762233917710595
9,30,0.054735838198576796,0.054735838198576796
38,57,0.05470397842975992,0.05470397842975992
12,41,0.05467998626136808,0.05467998626136808
9,24,0.054591083367365095,0.054591083367365095
17,30,-0.05454150558071425,0.05454150558071425
4,44,-0.054471268410701434,0.054471268410701434
23,31,-0.05445773247921479,0.05445773247921479
14,23,0.0543090945642684,0.0543090945642684
6,28,-0.05425864177318124,0.05425864177318124
46,48,0.054232961865670906,0.054232961865670906
23,62,-0.05423215167701732,0.05423215167701732
13,43,-0.05413893160578778,0.05413893160578778
24,41,0.05411725173242877,0.05411725173242877
14,40,-0.05409013727831195,0.05409013727831195
52,53,-0.05402566490260386,0.05402566490260386
36,46,0.0540242486382536,0.0540242486382536
14,39,0.054005818186826385,0.054005818186826385
1,30,-0.05400467611770491,0.05400467611770491
0,2,-0.05394639267338055,0.05394639267338055
6,23,0.05391009382719053,0.05391009382719053
33,45,-0.05387451282125098,0.05387451282125098
25,27,0.05383884699886826,0.05383884699886826
41,53,0.05382534836533947,0.05382534836533947
13,60,-0.05378080084692745,0.05378080084692745
48,49,0.05370914513243646,0.05370914513243646
8,26,0.05364942677736816,0.05364942677736816
3,43,-0.05356761061270016,0.05356761061270016
11,45,-0.05347024162442937,0.05347024162442937
2,27,0.05335126836719812,0.05335126836719812
22,33,0.053264002210611484,0.053264002210611484
16,52,-0.053231063836743586,0.053231063836743586
13,29,-0.053207749831257214,0.053207749831257214
14,25,-0.05318506343774799,0.05318506343774799
31,60,-0.05312855996590866,0.05312855996590866
36,61,0.0531125111816388,0.0531125111816388
10,21,0.052845942201426827,0.052845942201426827
31,57,-0.052834070412898525,0.052834070412898525
8,29,0.05281785276850452,0.05281785276850452
48,52,0.052721859697329225,0.052721859697329225
3,60,-0.05268562451865337,0.05268562451865337
7,15,0.05260299394463047,0.05260299394463047
1,17,-0.052602888892755384,0.052602888892755384
32,43,-0.05253330677696365,0.05253330677696365
21,40,0.052527886497092446,0.052527886497092446
16,63,-0.05241536531354139,0.05241536531354139
52,57,0.052399814163541183,0.052399814163541183
13,59,-0.05232935750258365,0.05232935750258365
57,62,-0.05230112343014277,0.05230112343014277
34,62,-0.05230107702773406,0.05230107702773406
34,39,0.0522495148255443,0.0522495148255443
25,39,0.052211009190746005,0.052211009190746005
31,42,0.05212016026539475,0.05212016026539475
35,45,-0.052079631405633806,0.052079631405633806
30,50,0.05197576935296876,0.05197576935296876
3,27,-0.0519058367058781,0.0519058367058781
3,38,-0.05186500379820801,0.05186500379820801
26,63,0.05180602385526872,0.05180602385526872
5,12,0.05173691358420504,0.05173691358420504
8,38,0.051728004470056384,0.051728004470056384
29,58,0.05167615317489009,0.05167615317489009
18,61,0.0516101006353755,0.0516101006353755
47,58,0.05154529905750182,0.05154529905750182
11,62,0.05152817604200411,0.05152817604200411
20,50,0.051389906288712844,0.051389906288712844
26,56,0.0513746561956599,0.0513746561956599
32,48,0.05136745960085669,0.05136745960085669
28,63,-0.05128511053935887,0.05128511053935887
20,26,0.05125206416550284,0.05125206416550284
16,28,-0.0512176865518703,0.0512176865518703
3,36,0.05116641411082822,0.05116641411082822
10,20,0.051124887080726,0.051124887080726
9,37,-0.05102348320421796,0.05102348320421796
22,29,0.05097631576766636,0.05097631576766636
10,24,0.05083751831260936,0.05083751831260936
0,26,-0.05082760737399301,0.05082760737399301
47,51,-0.05081733571694444,0.05081733571694444
5,61,0.05076595498509643,0.05076595498509643
7,43,0.0507324502393342,0.0507324502393342
7,18,-0.05073012387496883,0.05073012387496883
21,47,0.05072830665258518,0.05072830665258518
7,61,-0.050706198315482065,0.050706198315482065
34,49,-0.050679581213535115,0.050679581213535115
52,55,-0.05060286700525615,0.05060286700525615
33,63,0.05056148179094407,0.05056148179094407
9,15,-0.05052677453343428,0.05052677453343428
2,29,0.0504604737227369,0.0504604737227369
18,36,0.050364787281080965,0.050364787281080965
10,47,0.050337044551642264,0.050337044551642264
26,49,0.05020717476104932,0.05020717476104932
35,36,0.0500809883156096,0.0500809883156096
35,49,-0.050069487787484615,0.050069487787484615
17,59,0.05004254042492036,0.05004254042492036
22,23,0.050037349022227125,0.050037349022227125
7,60,0.04997331886090629,0.04997331886090629
51,60,-0.04988298053179486,0.04988298053179486
1,13,-0.04980301593550845,0.04980301593550845
19,25,-0.04978492833875487,0.04978492833875487
14,20,0.04977017696363943,0.04977017696363943
24,63,-0.049766445489393386,0.049766445489393386
2,53,-0.04974977347068529,0.04974977347068529
6,53,-0.0496870824369803,0.0496870824369803
28,56,0.04966476310944353,0.04966476310944353
30,53,0.04960661437383885,0.04960661437383885
7,10,0.049418943507154554,0.049418943507154554
0,59,-0.04940888289395056,0.04940888289395056
3,63,-0.049327635498517354,0.049327635498517354
1,24,0.0492853113148704,0.0492853113148704
30,62,0.04920838818495819,0.04920838818495819
52,62,0.04919689033161175,0.04919689033161175
1,55,0.04915549144302335,0.04915549144302335
12,60,0.049143053856547055,0.049143053856547055
2,40,0.04910567872614389,0.04910567872614389
31,55,-0.04901144014760479,0.04901144014760479
48,53,-0.0490050807226297,0.0490050807226297
38,48,-0.048992634609993826,0.048992634609993826
26,27,0.048971291995752564,0.048971291995752564
29,56,0.04895011616385782,0.04895011616385782
10,46,0.048930128848829094,0.048930128848829094
12,42,0.0489192125544398,0.0489192125544398
5,20,0.04881622658307495,0.04881622658307495
38,49,0.04881241367901405,0.04881241367901405
23,58,-0.0487651919935177,0.0487651919935177
0,22,0.048731833298907394,0.048731833298907394
4,49,0.04863823464308772,0.04863823464308772
18,46,0.04861777892450078,0.04861777892450078
4,56,-0.048612148961923195,0.048612148961923195
0,62,0.04858697392743414,0.04858697392743414
28,51,-0.04852591104939212,0.04852591104939212
6,58,0.0484703792533669,0.0484703792533669
8,24,-0.04837725615927428,0.04837725615927428
25,35,0.04827377846464544,0.04827377846464544
11,23,-0.0482687856580543,0.0482687856580543
50,59,0.04826849947317402,0.04826849947317402
17,36,-0.048225498697935694,0.048225498697935694
8,57,-0.04793614838660286,0.04793614838660286
31,49,-0.0479331065314554,0.0479331065314554
14,35,-0.047855698436008454,0.047855698436008454
38,63,0.04783408818919246,0.04783408818919246
7,22,0.04779233934341453,0.04779233934341453
2,28,0.047783378235347215,0.047783378235347215
20,34,0.04775908022718574,0.04775908022718574
16,31,-0.04771999214025743,0.04771999214025743
20,36,-0.047652876654648825,0.047652876654648825
32,34,0.047601206485567545,0.047601206485567545
6,31,-0.04757708347770607,0.04757708347770607
21,63,0.04756722006521664,0.04756722006521664
5,37,0.04755145815149252,0.04755145815149252
44,56,-0.047441980458782784,0.047441980458782784
1,15,0.047421021848320345,0.047421021848320345
0,63,-0.047401935434599515,0.047401935434599515
47,52,0.04731812585210229,0.04731812585210229
21,53,0.04731403387562909,0.04731403387562909
27,51,-0.04730519897210787,0.04730519897210787
30,48,0.04726728468249007,0.04726728468249007
22,42,0.04719822602362827,0.04719822602362827
8,28,-0.047194366150001554,0.047194366150001554
1,39,-0.04716571272532469,0.04716571272532469
33,43,-0.04714307335252658,0.04714307335252658
25,55,-0.04704861965196766,0.04704861965196766
20,63,0.047014296975401604,0.047014296975401604
22,31,-0.047011888903525055,0.047011888903525055
34,41,-0.04694429485468533,0.04694429485468533
20,29,0.046908518498857986,0.046908518498857986
9,56,0.04676018643292119,0.04676018643292119
21,42,0.04672591444842615,0.04672591444842615
33,50,-0.04668229156000838,0.04668229156000838
30,41,0.04657235760341735,0.04657235760341735
7,35,0.046483151431192256,0.046483151431192256
51,52,0.0464310674189202,0.0464310674189202
43,61,-0.04637318030611172,0.04637318030611172
30,38,0.04618040299482613,0.04618040299482613
19,34,-0.04617306370001293,0.04617306370001293
15,24,-0.04613889237489801,0.04613889237489801
18,28,0.04609630222628705,0.04609630222628705
30,56,-0.04599948208524074,0.04599948208524074
9,13,0.045865757786631524,0.045865757786631524
6,43,-0.045861769262415905,0.045861769262415905
7,41,-0.04562756715564662,0.04562756715564662
58,60,0.045578227774652515,0.045578227774652515
44,55,-0.04557720995370115,0.04557720995370115
23,46,-0.045538259840198485,0.045538259840198485
21,32,-0.04550904578750377,0.04550904578750377
22,51,-0.04538338802728947,0.04538338802728947
3,44,0.04537335358219588,0.04537335358219588
2,36,0.04534302684224626,0.04534302684224626
41,42,-0.045315834158500844,0.045315834158500844
21,43,-0.045306357109233926,0.045306357109233926
33,53,0.0452468908685578,0.0452468908685578
26,41,0.04524403369108531,0.04524403369108531
22,63,-0.045163592270130025,0.045163592270130025
0,11,-0.0451266487177521,0.0451266487177521
57,59,0.045106571520006175,0.045106571520006175
19,26,0.045105652357589794,0.045105652357589794
47,61,-0.04508258302916081,0.04508258302916081
10,40,-0.045068060141920455,0.045068060141920455
40,57,-0.04502657487377472,0.04502657487377472
2,4,-0.044980943719261285,0.044980943719261285
10,54,-0.04496868381949759,0.04496868381949759
3,4,0.044889197474256404,0.044889197474256404
59,60,-0.04485105032215115,0.04485105032215115
23,34,0.04483576946594064,0.04483576946594064
10,25,-0.04482040548842755,0.04482040548842755
2,48,0.04479378741322388,0.04479378741322388
22,32,-0.0446314896093674,0.0446314896093674
18,38,-0.044617522014609584,0.044617522014609584
4,27,0.044589735548736235,0.044589735548736235
42,46,0.04456082816720975,0.04456082816720975
32,53,0.044484704480824214,0.044484704480824214
20,62,0.0444576334932198,0.0444576334932198
12,62,-0.04437752767267414,0.04437752767267414
51,57,-0.0443624369908243,0.0443624369908243
8,48,-0.0443164997340293,0.0443164997340293
30,40,0.04429294978988336,0.04429294978988336
10,15,0.04426749874088842,0.04426749874088842
12,21,-0.04425260879997368,0.04425260879997368
24,37,-0.04424908183012532,0.04424908183012532
18,34,-0.04424074462202406,0.04424074462202406
2,43,-0.044197126175314426,0.044197126175314426
25,34,0.044191349236463305,0.044191349236463305
35,37,-0.044172819657662774,0.044172819657662774
6,60,-0.04413220429581009,0.04413220429581009
49,57,0.04401803255857853,0.04401803255857853
36,45,0.043893216503319295,0.043893216503319295
24,50,-0.04382724765488533,0.04382724765488533
19,43,0.04376951734468224,0.04376951734468224
1,28,-0.043706791688994405,0.043706791688994405
24,60,-0.04356170348207295,0.04356170348207295
21,48,-0.04354757279487684,0.04354757279487684
4,12,-0.04353777756292058,0.04353777756292058
15,56,0.043530600361918796,0.043530600361918796
60,61,0.04350110140494342,0.04350110140494342
7,17,0.043401390485378964,0.043401390485378964
34,56,-0.043396651733344324,0.043396651733344324
8,52,0.043389353098348404,0.043389353098348404
49,59,-0.04337190030189296,0.04337190030189296
11,17,0.04335236019676381,0.04335236019676381
12,34,-0.04333827407823988,0.04333827407823988
10,56,0.04333460087915222,0.04333460087915222
5,45,-0.043318210657146285,0.043318210657146285
13,46,0.04325566203113762,0.04325566203113762
44,46,-0.043220404291466785,0.043220404291466785
35,58,-0.043199671050479525,0.043199671050479525
12,55,0.04317583763848242,0.04317583763848242
36,38,-0.043154086931274545,0.043154086931274545
31,59,-0.04314559750398144,0.04314559750398144
44,52,-0.043122742204987526,0.043122742204987526
36,51,-0.04308801388742829,0.04308801388742829
42,57,0.04307886179537904,0.04307886179537904
3,13,0.04307663155178743,0.04307663155178743
26,42,-0.04306437759761801,0.04306437759761801
9,62,-0.04305741838290822,0.04305741838290822
9,61,0.04294850183715261,0.04294850183715261
49,58,0.042938776111962236,0.042938776111962236
29,57,0.04293019437840962,0.04293019437840962
11,38,-0.04292295203381999,0.04292295203381999
27,58,-0.04292287807325778,0.04292287807325778
1,27,0.042902000223715424,0.042902000223715424
43,45,0.04288236447172939,0.04288236447172939
55,60,-0.042870310263042236,0.042870310263042236
26,55,0.04276855887539692,0.04276855887539692
2,46,0.04271795520119312,0.04271795520119312
9,60,-0.042652135618775816,0.042652135618775816
39,45,-0.04259245925536815,0.04259245925536815
9,22,-0.042558329660156595,0.042558329660156595
28,30,0.04244035919588008,0.04244035919588008
44,57,0.042375483878559855,0.042375483878559855
41,46,-0.042373312780022335,0.042373312780022335
11,14,0.04230240227866932,0.04230240227866932
10,52,0.04229609740491492,0.04229609740491492
13,42,-0.04221685275217862,0.04221685275217862
50,56,-0.042188213456694594,0.042188213456694594
9,34,0.04204057852512205,0.04204057852512205
11,37,0.04202920448127495,0.04202920448127495
31,39,-0.042017737376605344,0.042017737376605344
37,41,0.04191249630191316,0.04191249630191316
6,7,0.04186422073188778,0.04186422073188778
16,24,0.041837722748408086,0.041837722748408086
38,45,0.04173817535621369,0.04173817535621369
29,55,-0.041540635228954126,0.041540635228954126
42,56,-0.041519053472372044,0.041519053472372044
22,25,-0.04150352563803866,0.04150352563803866
15,59,0.041319228403922804,0.041319228403922804
14,16,-0.04118229025725276,0.04118229025725276
9,44,-0.04116135300277862,0.04116135300277862
16,23,-0.040956770365093174,0.040956770365093174
4,16,0.04091216085113058,0.04091216085113058
18,44,0.04089925482351956,0.04089925482351956
45,51,0.04088201400709726,0.04088201400709726
14,32,-0.04083011840027556,0.04083011840027556
37,51,-0.04081986394295129,0.04081986394295129
6,8,0.040789118010185255,0.040789118010185255
3,57,-0.04077005731142401,0.04077005731142401
0,6,-0.04072142529929593,0.04072142529929593
15,31,-0.04068251174880947,0.04068251174880947
13,52,-0.04064520695173863,0.04064520695173863
4,48,-0.04053429587845618,0.04053429587845618
12,23,-0.040501699418154596,0.040501699418154596
5,47,-0.04050127111644664,0.04050127111644664
2,37,0.04046487251378638,0.04046487251378638
3,46,0.040315268785924806,0.040315268785924806
24,44,0.04016947582678093,0.04016947582678093
49,52,-0.04016101660883477,0.04016101660883477
15,57,-0.04014141133811558,0.04014141133811558
26,61,0.03999505627486256,0.03999505627486256
11,52,-0.0399915819252422,0.0399915819252422
54,61,-0.039856106423208366,0.039856106423208366
40,47,0.03984475958094207,0.03984475958094207
1,43,-0.039804245372548994,0.039804245372548994
4,24,-0.03978233117065545,0.03978233117065545
5,19,-0.03977234669714582,0.03977234669714582
17,58,-0.03976713903877591,0.03976713903877591
39,60,-0.03969524094198893,0.03969524094198893
31,50,-0.03967987834300472,0.03967987834300472
47,60,0.03963831995979268,0.03963831995979268
7,53,-0.03963305787211273,0.03963305787211273
18,21,0.039546707643332936,0.039546707643332936
7,51,0.03948743334059107,0.03948743334059107
11,58,0.03945515148982866,0.03945515148982866
15,16,0.03945251419376267,0.03945251419376267
28,41,-0.03939496468197072,0.03939496468197072
22,37,-0.03939413274216711,0.03939413274216711
47,54,-0.03931871162869127,0.03931871162869127
43,54,0.039167026288790395,0.039167026288790395
34,43,0.03909917065464154,0.03909917065464154
11,21,-0.03906199218922863,0.03906199218922863
47,63,0.03903858832249468,0.03903858832249468
28,29,-0.039023800369055645,0.039023800369055645
13,19,0.03900597067009597,0.03900597067009597
10,13,0.0389479014822292,0.0389479014822292
32,51,0.038874296325583084,0.038874296325583084
18,41,0.03884378674744812,0.03884378674744812
2,3,0.038808863187309216,0.038808863187309216
5,6,-0.03878695395393996,0.03878695395393996
27,42,0.03872497116382974,0.03872497116382974
28,44,-0.03871355328006333,0.03871355328006333
14,47,0.03856832350863633,0.03856832350863633
20,51,-0.03854804153235048,0.03854804153235048
37,59,0.03838364283367123,0.03838364283367123
30,43,0.038356256028857096,0.038356256028857096
39,42,-0.03833713219061343,0.03833713219061343
18,51,0.03827412287552714,0.03827412287552714
1,56,0.038221548144032204,0.038221548144032204
30,44,-0.03821832227135392,0.03821832227135392
17,55,0.0382000601426589,0.0382000601426589
54,56,-0.038092482785090524,0.038092482785090524
1,45,0.03795945223204223,0.03795945223204223
18,56,0.037954028649560025,0.037954028649560025
45,48,-0.037889859538329164,0.037889859538329164
12,46,-0.03784496939950138,0.03784496939950138
1,4,0.037798983627410764,0.037798983627410764
10,34,0.03771689302248986,0.03771689302248986
14,29,0.03768991266502529,0.03768991266502529
7,55,0.03766656824072248,0.03766656824072248
49,50,-0.03762606688925814,0.03762606688925814
8,54,-0.037604042974185306,0.037604042974185306
5,34,-0.037580716689740876,0.037580716689740876
27,38,-0.03741590763971871,0.03741590763971871
6,46,0.037356782748205634,0.037356782748205634
21,24,-0.03734125906418838,0.03734125906418838
7,63,-0.03731759970752253,0.03731759970752253
0,24,-0.037293962401241255,0.037293962401241255
34,36,0.0372651106159782,0.0372651106159782
56,58,0.0372598140815549,0.0372598140815549
33,52,0.037247759447310194,0.037247759447310194
40,55,-0.03721509080608176,0.03721509080608176
13,61,0.03718042309047546,0.03718042309047546
11,48,-0.0371491867392246,0.0371491867392246
0,8,0.03713129488563962,0.03713129488563962
8,42,0.03710275084816833,0.03710275084816833
45,50,-0.03709432541358044,0.03709432541358044
5,13,-0.03705744559066416,0.03705744559066416
49,60,0.037037569776395635,0.037037569776395635
27,36,-0.03703373857821839,0.03703373857821839
17,31,0.037018363386056526,0.037018363386056526
25,56,-0.03694306190015936,0.03694306190015936
10,36,-0.036852951085835056,0.036852951085835056
26,39,0.03682031744886534,0.03682031744886534
39,50,0.036774016313247865,0.036774016313247865
13,28,-0.03675943805489938,0.03675943805489938
8,62,0.03659679501765441,0.03659679501765441
4,5,-0.03657915690529223,0.03657915690529223
8,41,0.0365115392992285,0.0365115392992285
49,54,-0.03644432618801793,0.03644432618801793
9,14,-0.036429409434259485,0.036429409434259485
33,56,-0.03636528895368614,0.03636528895368614
9,49,-0.03633866230847816,0.03633866230847816
4,45,0.03628165650162201,0.03628165650162201
0,10,0.03622540091279829,0.03622540091279829
22,40,0.036200978157508536,0.036200978157508536
2,38,-0.0361782218631817,0.0361782218631817
31,34,0.03617533563959599,0.03617533563959599
5,18,0.036075324607951834,0.036075324607951834
55,59,-0.036047343964496124,0.036047343964496124
43,48,-0.036018886801844056,0.036018886801844056
35,54,0.03593578978176212,0.03593578978176212
33,60,-0.03585452129620068,0.03585452129620068
17,24,0.03584480491390668,0.03584480491390668
32,37,-0.03582343654133497,0.03582343654133497
37,40,0.03581459265117424,0.03581459265117424
3,35,0.03574771785792534,0.03574771785792534
12,47,0.03567929668258329,0.03567929668258329
18,52,-0.03567218639846206,0.03567218639846206
24,40,0.03562626244489442,0.03562626244489442
39,47,-0.035626088356565486,0.035626088356565486
11,19,-0.035570073547230865,0.035570073547230865
40,50,-0.03554056409348632,0.03554056409348632
2,31,-0.035417575796042565,0.035417575796042565
11,15,-0.03536664778898105,0.03536664778898105
51,55,0.0353363885286334,0.0353363885286334
3,22,-0.035244142101409845,0.035244142101409845
4,50,-0.03514783968266507,0.03514783968266507
30,47,-0.03514249261262472,0.03514249261262472
1,60,-0.03505360963551108,0.03505360963551108
38,55,-0.03497980856437916,0.03497980856437916
23,57,-0.03484832264825527,0.03484832264825527
19,27,0.034833017957819394,0.034833017957819394
15,18,0.03478766811995273,0.03478766811995273
56,62,0.034773655472394346,0.034773655472394346
34,59,0.03475856804480089,0.03475856804480089
27,53,-0.034744032948447086,0.034744032948447086
9,31,0.03471452908905857,0.03471452908905857
22,28,0.03465443206163587,0.03465443206163587
24,55,0.03463097609130935,0.03463097609130935
2,7,0.034602919136655814,0.034602919136655814
31,52,0.03458487358286243,0.03458487358286243
24,54,0.03457626956632544,0.03457626956632544
35,53,-0.03456976881750121,0.03456976881750121
2,9,-0.03454352280489338,0.03454352280489338
33,37,-0.03444418327499936,0.03444418327499936
33,42,0.03443415827688415,0.03443415827688415
8,47,-0.03443269607078954,0.03443269607078954
7,8,0.034365612841706986,0.034365612841706986
20,57,0.03426800229206285,0.03426800229206285
24,27,0.03421454643978841,0.03421454643978841
4,26,0.034212038145834574,0.034212038145834574
29,41,0.034132859663553596,0.034132859663553596
26,37,-0.03410194212196768,0.03410194212196768
19,52,-0.03408708996191465,0.03408708996191465
14,56,0.034079764451476445,0.034079764451476445
8,49,0.034051743921226466,0.034051743921226466
37,63,-0.03400126888966548,0.03400126888966548
15,20,0.034000097741627905,0.034000097741627905
44,51,-0.033977967550896604,0.033977967550896604
7,58,-0.033940581007759395,0.033940581007759395
43,59,0.03392310638777088,0.03392310638777088
20,48,-0.033774383536811496,0.033774383536811496
47,56,0.033742455383180686,0.033742455383180686
37,55,-0.03366476769494537,0.03366476769494537
20,24,-0.0335836503036098,0.0335836503036098
21,28,0.0335593801722504,0.0335593801722504
9,63,0.03355444916569854,0.03355444916569854
17,40,-0.033272580787198594,0.033272580787198594
2,6,0.03319848098291266,0.03319848098291266
9,23,-0.03318599221431679,0.03318599221431679
6,21,-0.033073749979094305,0.033073749979094305
13,24,0.03306788805840719,0.03306788805840719
41,55,0.03294452884305288,0.03294452884305288
7,24,0.03293777068603028,0.03293777068603028
1,54,-0.032831276364471834,0.032831276364471834
29,44,-0.03270848213028003,0.03270848213028003
2,34,0.03270159768183466,0.03270159768183466
3,41,0.032659607559818796,0.032659607559818796
10,53,0.032510303875795815,0.032510303875795815
18,27,-0.03241096022342725,0.03241096022342725
8,34,-0.032371237981195414,0.032371237981195414
51,62,-0.03236650642266971,0.03236650642266971
47,62,0.032345071432668245,0.032345071432668245
19,46,-0.03232861320580964,0.03232861320580964
18,20,0.03232320625316604,0.03232320625316604
3,33,-0.03230143862700902,0.03230143862700902
11,51,-0.03228235802201746,0.03228235802201746
42,48,0.03221215771322685,0.03221215771322685
21,62,-0.03215012994480373,0.03215012994480373
2,24,0.032143845525422966,0.032143845525422966
50,57,0.0321388872749424,0.0321388872749424
35,46,-0.032103906213288305,0.032103906213288305
14,38,-0.032066627912268324,0.032066627912268324
27,35,0.03206043009588829,0.03206043009588829
40,43,0.031991892058159284,0.031991892058159284
2,8,0.0319672825803691,0.0319672825803691
57,61,-0.03193772102679954,0.03193772102679954
12,17,0.031937075013163514,0.031937075013163514
2,25,0.031900738603638505,0.031900738603638505
36,58,-0.03189342373584896,0.03189342373584896
39,40,-0.03185367074708946,0.03185367074708946
35,63,-0.031823155488056865,0.031823155488056865
12,18,0.03178823078842911,0.03178823078842911
20,31,0.031782414647520144,0.031782414647520144
0,51,-0.03174391754906377,0.03174391754906377
4,23,-0.03170221175931554,0.03170221175931554
18,59,-0.03165869467327116,0.03165869467327116
11,25,0.03165569279027946,0.03165569279027946
19,62,-0.03156362640849591,0.03156362640849591
6,42,-0.03151240278611527,0.03151240278611527
1,52,-0.0314926153500377,0.0314926153500377
31,54,0.03148001427510474,0.03148001427510474
31,61,-0.03143419398658854,0.03143419398658854
12,50,-0.03139295125012979,0.03139295125012979
8,14,0.031376915496216046,0.031376915496216046
12,14,0.03135066212027739,0.03135066212027739
1,25,-0.03134695822661129,0.03134695822661129
29,32,0.03133804770025193,0.03133804770025193
52,59,-0.03131484220731039,0.03131484220731039
39,63,-0.0312733195678108,0.0312733195678108
26,31,-0.031158820263235056,0.031158820263235056
6,39,0.03110138865373262,0.03110138865373262
39,56,0.03107077738470506,0.03107077738470506
11,49,0.0309527813714314,0.0309527813714314
0,18,-0.03094519643804011,0.03094519643804011
19,28,0.03092958443124766,0.03092958443124766
3,45,0.03090900966169754,0.03090900966169754
16,20,-0.030880482613758056,0.030880482613758056
29,39,-0.030809550978543824,0.030809550978543824
11,16,-0.030791792025891034,0.030791792025891034
1,3,-0.030786852412422582,0.030786852412422582
21,22,0.030729146978631196,0.030729146978631196
23,24,-0.030725107156173177,0.030725107156173177
42,55,-0.030725055106408914,0.030725055106408914
16,51,0.030706894146534984,0.030706894146534984
25,49,0.03060347022302044,0.03060347022302044
38,40,0.030579923284485187,0.030579923284485187
60,63,-0.030540513343391397,0.030540513343391397
6,63,0.030537649116525973,0.030537649116525973
44,47,0.030422867943613655,0.030422867943613655
14,54,-0.030405340490248126,0.030405340490248126
8,19,0.03036870201636099,0.03036870201636099
4,11,-0.030195970878566982,0.030195970878566982
36,57,0.03019479769211853,0.03019479769211853
54,59,0.030087208887205112,0.030087208887205112
18,19,0.030053621984216315,0.030053621984216315
7,40,-0.029928736788967215,0.029928736788967215
38,47,-0.02992843624510666,0.02992843624510666
12,52,0.029920917163476307,0.029920917163476307
6,16,0.029865171816177084,0.029865171816177084
23,52,-0.029849446368765162,0.029849446368765162
3,40,-0.029807911167138563,0.029807911167138563
6,25,-0.029773420153345376,0.029773420153345376
18,35,-0.029771916764199702,0.029771916764199702
45,53,-0.029755939776839522,0.029755939776839522
16,58,-0.02972503736781828,0.02972503736781828
3,5,-0.029687906116145718,0.029687906116145718
36,39,-0.029612839318904214,0.029612839318904214
0,53,0.029524040739904202,0.029524040739904202
8,23,-0.029506003385923463,0.029506003385923463
11,47,0.029452556346847448,0.029452556346847448
41,49,-0.029381136752349962,0.029381136752349962
7,32,-0.029333423352209828,0.029333423352209828
8,55,-0.02927495440506431,0.02927495440506431
20,45,-0.029267695289600357,0.029267695289600357
22,26,0.029201133193352175,0.029201133193352175
30,33,-0.02918116817533386,0.02918116817533386
35,47,0.02909306670802,0.02909306670802
16,22,-0.029002869250256504,0.029002869250256504
6,15,-0.02892674209868642,0.02892674209868642
9,42,-0.028913341665107558,0.028913341665107558
31,35,-0.028848957564617306,0.028848957564617306
3,52,-0.028819017227438057,0.028819017227438057
6,38,0.028742759327067283,0.028742759327067283
7,46,-0.028688159267613693,0.028688159267613693
0,20,0.028613718886466147,0.028613718886466147
3,6,0.02849530548132606,0.02849530548132606
11,34,-0.028441489949216057,0.028441489949216057
8,20,0.028336215656467344,0.028336215656467344
45,62,0.028332268636785552,0.028332268636785552
8,17,0.02817809423279523,0.02817809423279523
14,37,-0.028164140495279294,0.028164140495279294
24,62,-0.02816190911484919,0.02816190911484919
53,58,0.028108883857209735,0.028108883857209735
12,63,0.028025641461867874,0.028025641461867874
12,56,-0.02799986117619101,0.02799986117619101
42,53,0.027976206297647115,0.027976206297647115
21,50,-0.027826776999374032,0.027826776999374032
8,9,-0.02777407910074409,0.02777407910074409
23,47,0.02772340311373814,0.02772340311373814
4,6,-0.02770935923155455,0.02770935923155455
2,20,-0.02769241501017529,0.02769241501017529
15,26,-0.027656811040518595,0.027656811040518595
25,32,-0.027569680905368765,0.027569680905368765
44,59,0.027564159331520174,0.027564159331520174
1,59,-0.027546013263754755,0.027546013263754755
21,44,0.027495266602422016,0.027495266602422016
3,21,-0.027485717148932498,0.027485717148932498
12,22,-0.027337733834515994,0.027337733834515994
15,19,0.027267832301991566,0.027267832301991566
14,34,0.027184031450062412,0.027184031450062412
11,30,-0.027153579783192883,0.027153579783192883
26,44,0.027103533896849913,0.027103533896849913
24,48,-0.02709527531855484,0.02709527531855484
10,44,0.02703906466069777,0.02703906466069777
24,33,0.026830572622933632,0.026830572622933632
46,61,0.026819461118114053,0.026819461118114053
15,61,-0.02681004689387308,0.02681004689387308
21,56,0.02679249975660226,0.02679249975660226
6,12,-0.026783754807178674,0.026783754807178674
8,46,-0.026741151902192454,0.026741151902192454
11,56,0.026699548547756666,0.026699548547756666
20,60,0.026642465395759284,0.026642465395759284
10,48,0.026601879448991162,0.026601879448991162
2,61,-0.026596340362321936,0.026596340362321936
20,28,0.026594808182821287,0.026594808182821287
53,61,0.026544685998497575,0.026544685998497575
11,31,0.026544653248306266,0.026544653248306266
5,40,0.0265426734623845,0.0265426734623845
7,26,-0.02652428100195124,0.02652428100195124
40,61,0.026493459303836477,0.026493459303836477
29,35,-0.02648699308939562,0.02648699308939562
47,55,-0.02648477295822682,0.02648477295822682
10,57,-0.02641767316864891,0.02641767316864891
10,62,-0.0262162769243959,0.0262162769243959
9,12,0.02621457828871071,0.02621457828871071
2,39,-0.026213422059363386,0.026213422059363386
0,13,0.026209624758372504,0.026209624758372504
1,50,-0.0262086904639161,0.0262086904639161
25,62,-0.02611754586600287,0.02611754586600287
53,60,0.026116782292461282,0.026116782292461282
51,53,-0.026100771024505243,0.026100771024505243
0,55,0.026040927708072974,0.026040927708072974
37,47,0.026031758526015133,0.026031758526015133
6,20,-0.026025784547589317,0.026025784547589317
20,58,0.025989758018534773,0.025989758018534773
44,62,-0.02598857678982577,0.02598857678982577
39,49,0.02594941576347695,0.02594941576347695
51,56,-0.025826013490457073,0.025826013490457073
0,27,-0.025794780556917262,0.025794780556917262
52,54,0.025785730989491273,0.025785730989491273
18,30,-0.025597855349316575,0.025597855349316575
2,55,-0.02557310889416341,0.02557310889416341
36,63,-0.025563256698964937,0.025563256698964937
34,44,-0.02548786553169683,0.02548786553169683
61,63,0.025306101390183147,0.025306101390183147
15,25,-0.025187463280993003,0.025187463280993003
0,21,-0.025184323678708886,0.025184323678708886
10,22,-0.025157102948765525,0.025157102948765525
13,56,-0.025123558175579066,0.025123558175579066
30,61,0.025114086261456905,0.025114086261456905
35,61,-0.025103836226643087,0.025103836226643087
21,29,-0.025092852926204872,0.025092852926204872
12,35,-0.024961652443332163,0.024961652443332163
14,17,-0.024934560841035444,0.024934560841035444
10,12,0.02484661425450586,0.02484661425450586
31,58,-0.024841879833898777,0.024841879833898777
13,54,-0.024837094593600048,0.024837094593600048
45,47,-0.024759172959820712,0.024759172959820712
15,54,0.02475159811556114,0.02475159811556114
35,50,0.024740028338794268,0.024740028338794268
11,61,-0.02468969049116088,0.02468969049116088
34,48,-0.02458953723241195,0.02458953723241195
21,41,-0.024534861260039106,0.024534861260039106
11,46,0.024524034973065816,0.024524034973065816
47,53,0.024499951224723798,0.024499951224723798
26,45,0.024469305635580103,0.024469305635580103
8,18,-0.024408366388096205,0.024408366388096205
28,40,0.024392349377140878,0.024392349377140878
9,46,0.02430012715347367,0.02430012715347367
20,25,-0.02422283430591191,0.02422283430591191
3,29,-0.024175760949317438,0.024175760949317438
22,57,-0.024124099752230333,0.024124099752230333
17,44,-0.02412400559717118,0.02412400559717118
15,47,-0.024108493284425797,0.024108493284425797
28,32,-0.02410697108048569,0.02410697108048569
10,23,0.02407461523252225,0.02407461523252225
43,56,-0.023997592095434103,0.023997592095434103
2,41,-0.023994001053994206,0.023994001053994206
20,42,-0.023989731010596555,0.023989731010596555
23,44,0.023978314238770282,0.023978314238770282
4,35,-0.02395942058318378,0.02395942058318378
26,38,-0.023955399459731002,0.023955399459731002
25,61,-0.023807268231112986,0.023807268231112986
5,46,0.023799402014973655,0.023799402014973655
34,53,-0.023767900715845152,0.023767900715845152
3,15,0.023762271696182113,0.023762271696182113
20,33,-0.023728788740479376,0.023728788740479376
28,33,0.023574057143052104,0.023574057143052104
11,26,0.023540639769948014,0.023540639769948014
32,46,0.0234960609022689,0.0234960609022689
43,57,0.02343434970521582,0.02343434970521582
53,63,-0.02339628954927859,0.02339628954927859
1,29,-0.023379737565110168,0.023379737565110168
24,34,0.02334575951559359,0.02334575951559359
37,43,-0.023330041320111652,0.023330041320111652
17,26,0.023314855424245495,0.023314855424245495
12,16,0.023299856537428856,0.023299856537428856
36,52,0.023261348786469686,0.023261348786469686
38,53,-0.02326047673766512,0.02326047673766512
41,44,-0.02324159860271421,0.02324159860271421
26,33,0.023152680384414846,0.023152680384414846
16,46,0.023118594519391737,0.023118594519391737
22,41,-0.02310632755202647,0.02310632755202647
1,6,0.02309668573021557,0.02309668573021557
16,38,-0.023068216730793206,0.023068216730793206
30,49,0.022944381914563997,0.022944381914563997
29,60,0.022938666494350574,0.022938666494350574
52,58,0.022928360761330112,0.022928360761330112
1,42,0.022922238465605784,0.022922238465605784
20,46,-0.022909304278570457,0.022909304278570457
43,50,0.022854060724977393,0.022854060724977393
40,42,0.022797034645553563,0.022797034645553563
8,40,0.022776558023090067,0.022776558023090067
6,35,-0.022674589309941446,0.022674589309941446
21,37,-0.022544550669830906,0.022544550669830906
9,52,-0.022522344889601826,0.022522344889601826
1,38,-0.022484019910770283,0.022484019910770283
23,59,-0.022393459276135206,0.022393459276135206
6,26,0.02236352202093438,0.02236352202093438
36,48,-0.022297646269062665,0.022297646269062665
55,57,-0.022250701744493992,0.022250701744493992
27,30,0.02224387016430539,0.02224387016430539
30,34,-0.02203636808273451,0.02203636808273451
26,62,0.021987983758709573,0.021987983758709573
10,26,0.021961766180192775,0.021961766180192775
12,45,-0.021877443840965124,0.021877443840965124
17,29,-0.021848777978253308,0.021848777978253308
18,47,-0.02182603936457191,0.02182603936457191
15,50,0.021776204678374128,0.021776204678374128
31,33,0.021775989066926262,0.021775989066926262
17,61,0.021775763689272094,0.021775763689272094
33,38,-0.021724017497732034,0.021724017497732034
46,62,0.021629738886133884,0.021629738886133884
33,55,-0.021625853025992244,0.021625853025992244
9,26,-0.02159690102418504,0.02159690102418504
8,63,-0.021456117733981164,0.021456117733981164
19,60,0.021380714777268956,0.021380714777268956
34,58,0.02136297251568171,0.02136297251568171
19,41,-0.021349902829086553,0.021349902829086553
27,49,-0.02132238239261696,0.02132238239261696
20,52,-0.021306021442180408,0.021306021442180408
6,40,0.021193961224821787,0.021193961224821787
12,36,-0.02115510891583852,0.02115510891583852
12,27,-0.021149234643282642,0.021149234643282642
12,40,-0.021118087107581715,0.021118087107581715
1,16,0.02108455024151965,0.02108455024151965
1,18,-0.02107644928324105,0.02107644928324105
28,37,-0.02101664221143477,0.02101664221143477
2,57,-0.021001001368318242,0.021001001368318242
19,35,-0.020937415176952044,0.020937415176952044
3,49,-0.02086662702031916,0.02086662702031916
30,39,-0.020829777100704102,0.020829777100704102
5,63,0.0208169248754466,0.0208169248754466
12,24,-0.02077872865106918,0.02077872865106918
16,56,0.020651183553995207,0.020651183553995207
30,37,0.02061383744249578,0.02061383744249578
36,55,0.02052268898268057,0.02052268898268057
24,58,0.02051614297656667,0.02051614297656667
40,54,0.020503764010611412,0.020503764010611412
14,58,-0.020475377981238014,0.020475377981238014
34,61,0.02046121821926934,0.02046121821926934
12,28,-0.020439443358088286,0.020439443358088286
5,55,0.020408128375205756,0.020408128375205756
25,51,0.020362505842282577,0.020362505842282577
14,15,0.020301091685895785,0.020301091685895785
18,45,-0.02022799222572892,0.02022799222572892
45,46,-0.02021510109015091,0.02021510109015091
16,40,-0.02017768806517879,0.02017768806517879
36,62,-0.02017403565330785,0.02017403565330785
17,50,0.020157324135976068,0.020157324135976068
30,35,0.020104372097138286,0.020104372097138286
27,33,-0.020096166554605506,0.020096166554605506
1,36,0.020056470837033335,0.020056470837033335
35,48,0.019970667269988654,0.019970667269988654
5,56,-0.01991898297656652,0.01991898297656652
7,11,-0.019914394703899652,0.019914394703899652
22,54,-0.019904306706011038,0.019904306706011038
25,33,0.01986021727620294,0.01986021727620294
29,40,-0.019852614564947826,0.019852614564947826
7,38,0.0198176641490746,0.0198176641490746
13,15,-0.019811345636689116,0.019811345636689116
42,54,0.019809028924537436,0.019809028924537436
31,44,-0.01980880530519432,0.01980880530519432
1,35,-0.019790234045106176,0.019790234045106176
2,63,0.019748047661649278,0.019748047661649278
19,44,0.019739501222120922,0.019739501222120922
9,16,0.01972611941958544,0.01972611941958544
1,7,0.019699022491226917,0.019699022491226917
22,34,0.019697764064785326,0.019697764064785326
17,22,0.01965397249099084,0.01965397249099084
15,37,0.019647612472455372,0.019647612472455372
8,44,0.019602144989489412,0.019602144989489412
6,56,-0.019568910858813782,0.019568910858813782
39,48,-0.019542475432713206,0.019542475432713206
23,33,-0.019537329103727564,0.019537329103727564
34,38,0.019482555887500003,0.019482555887500003
3,14,0.019328851960531676,0.019328851960531676
37,60,0.019318792185686585,0.019318792185686585
16,47,0.01931374729844299,0.01931374729844299
8,50,0.019296601071206936,0.019296601071206936
11,22,0.01928579672308366,0.01928579672308366
7,34,0.019282148433965637,0.019282148433965637
4,39,-0.01928093799288572,0.01928093799288572
14,36,-0.019247340877069034,0.019247340877069034
40,63,0.019239681385688524,0.019239681385688524
11,33,-0.019198299404771326,0.019198299404771326
24,43,-0.019183262998921168,0.019183262998921168
28,46,-0.01916487472017039,0.01916487472017039
11,60,-0.019152472390870912,0.019152472390870912
1,49,0.019090564102862546,0.019090564102862546
32,39,-0.019068885190702982,0.019068885190702982
5,7,0.01905508106627229,0.01905508106627229
29,34,0.01903231419181993,0.01903231419181993
15,28,-0.019014854218572536,0.019014854218572536
22,44,-0.01900446329184512,0.01900446329184512
7,21,0.018958537954521827,0.018958537954521827
16,30,-0.01893797837848826,0.01893797837848826
7,33,0.01892342111264323,0.01892342111264323
0,49,0.01891556125733443,0.01891556125733443
45,55,0.018864946537135108,0.018864946537135108
19,53,0.01880666260023633,0.01880666260023633
35,62,0.018740100002591346,0.018740100002591346
21,46,0.018704681730058865,0.018704681730058865
20,47,0.018685707902023327,0.018685707902023327
31,53,0.018668649209880896,0.018668649209880896
25,53,-0.018632742707652455,0.018632742707652455
2,12,-0.01862330802668881,0.01862330802668881
20,44,-0.01857494752529708,0.01857494752529708
22,27,-0.01857167307410785,0.01857167307410785
3,32,-0.018544424466752116,0.018544424466752116
5,41,0.018487163128508274,0.018487163128508274
15,60,0.018457839482073607,0.018457839482073607
5,59,0.01841994015483755,0.01841994015483755
5,22,-0.018404080456246835,0.018404080456246835
2,21,-0.018327657929222963,0.018327657929222963
13,14,-0.01829968251051249,0.01829968251051249
11,57,0.018219318396067,0.018219318396067
5,48,-0.018197176877071175,0.018197176877071175
17,37,0.018122969566516885,0.018122969566516885
23,53,0.01808859635183651,0.01808859635183651
7,45,-0.01801446669562856,0.01801446669562856
12,39,0.017997923573828137,0.017997923573828137
26,59,-0.017995347035326004,0.017995347035326004
2,10,0.01791933910362332,0.01791933910362332
9,45,0.017916440448519238,0.017916440448519238
17,39,-0.01790901805327635,0.01790901805327635
34,50,0.01790413315467388,0.01790413315467388
23,27,-0.01780981817035506,0.01780981817035506
7,36,0.017727139271448516,0.017727139271448516
15,40,-0.017582623780599493,0.017582623780599493
31,37,0.01752954013959984,0.01752954013959984
43,44,0.017465052515331394,0.017465052515331394
10,38,-0.017394045207586126,0.017394045207586126
5,27,0.01737519560246056,0.01737519560246056
45,52,-0.01736867762809335,0.01736867762809335
9,38,-0.017358518061886093,0.017358518061886093
42,63,0.017310979372879648,0.017310979372879648
15,17,-0.017268329683723604,0.017268329683723604
28,47,0.017241397399408116,0.017241397399408116
5,10,-0.01723345790426783,0.01723345790426783
44,60,-0.01722828163886303,0.01722828163886303
36,60,0.017205502298256972,0.017205502298256972
19,48,-0.017203274022669406,0.017203274022669406
10,50,-0.01713240366158476,0.01713240366158476
5,14,-0.017055139865825124,0.017055139865825124
1,31,0.017015307782851354,0.017015307782851354
4,47,0.0170043669864126,0.0170043669864126
18,33,0.016981150613578244,0.016981150613578244
43,51,-0.016889217021069762,0.016889217021069762
35,60,0.01688500665250849,0.01688500665250849
8,10,0.016873207365198872,0.016873207365198872
37,61,-0.016849855298167554,0.016849855298167554
27,34,0.0168352214891678,0.0168352214891678
3,55,0.01677629922415692,0.01677629922415692
3,20,0.016749140043260908,0.016749140043260908
21,51,-0.016671034139450484,0.016671034139450484
27,39,-0.016634555319212943,0.016634555319212943
1,5,0.016631035584891513,0.016631035584891513
40,48,-0.01662582029120471,0.01662582029120471
23,38,-0.01659747691278877,0.01659747691278877
12,61,0.016361073890904677,0.016361073890904677
1,10,0.016325511076686037,0.016325511076686037
39,46,-0.01632318430912221,0.01632318430912221
24,26,0.016294918878039463,0.016294918878039463
4,40,-0.016145707329150473,0.016145707329150473
6,19,0.016076831235716592,0.016076831235716592
7,16,-0.016056576165753567,0.016056576165753567
5,50,-0.016039881936299558,0.016039881936299558
7,31,-0.015970073473730875,0.015970073473730875
44,45,0.01595624994647127,0.01595624994647127
10,39,0.015839874796382904,0.015839874796382904
53,62,0.015812523671308667,0.015812523671308667
11,63,0.015565327923055492,0.015565327923055492
12,15,-0.015563601008050524,0.015563601008050524
5,9,-0.015466021430628502,0.015466021430628502
27,61,0.015451547901952759,0.015451547901952759
1,51,0.015426087820500665,0.015426087820500665
6,9,-0.015422964614082444,0.015422964614082444
14,61,0.015413493749688485,0.015413493749688485
33,54,-0.015402823283983283,0.015402823283983283
11,59,0.015375585325735143,0.015375585325735143
39,61,0.015345651780221594,0.015345651780221594
16,39,0.015322403190452739,0.015322403190452739
8,45,-0.01532084920657754,0.01532084920657754
2,35,0.01518821118695361,0.01518821118695361
7,47,-0.01517926768468434,0.01517926768468434
0,25,-0.015169945976530777,0.015169945976530777
15,22,-0.015101619726803836,0.015101619726803836
41,45,-0.015019443437104148,0.015019443437104148
6,36,-0.015003144861340295,0.015003144861340295
26,46,-0.014899805061532568,0.014899805061532568
58,63,0.014886747728682545,0.014886747728682545
6,59,0.014862523972184984,0.014862523972184984
3,16,0.014750190300353351,0.014750190300353351
3,8,0.014639390112401542,0.014639390112401542
36,44,-0.014539999152673925,0.014539999152673925
12,58,-0.014530134145300988,0.014530134145300988
10,59,-0.01452896350259134,0.01452896350259134
33,49,0.014513159819025729,0.014513159819025729
21,36,0.01449614222114454,0.01449614222114454
15,46,-0.01440155112960556,0.01440155112960556
24,31,0.014390518724627332,0.014390518724627332
5,25,0.014316023477211576,0.014316023477211576
29,53,0.01430997404143876,0.01430997404143876
0,19,0.01420387614837481,0.01420387614837481
1,26,0.01412211848669282,0.01412211848669282
25,41,0.014102504504981779,0.014102504504981779
4,10,0.014032626835974048,0.014032626835974048
3,47,-0.01400627409723521,0.01400627409723521
56,61,-0.013970269582833253,0.013970269582833253
2,58,0.013922406052668498,0.013922406052668498
27,44,-0.013840752205768848,0.013840752205768848
23,37,0.013832156166888694,0.013832156166888694
28,34,0.0138159669617445,0.0138159669617445
30,58,-0.013780194396260244,0.013780194396260244
6,48,-0.013695753133070494,0.013695753133070494
2,59,0.013685550148438077,0.013685550148438077
54,63,0.013653182244856323,0.013653182244856323
40,56,-0.013621137276430282,0.013621137276430282
16,43,0.013612485606826116,0.013612485606826116
4,21,0.013590010918030328,0.013590010918030328
19,59,-0.013561737605721472,0.013561737605721472
0,44,0.01347942478955199,0.01347942478955199
35,42,-0.013468017587210987,0.013468017587210987
3,53,-0.013442611576431,0.013442611576431
50,60,0.013426473039499945,0.013426473039499945
14,49,0.013332374035544065,0.013332374035544065
23,55,0.0133273234568165,0.0133273234568165
10,37,-0.013325139368546108,0.013325139368546108
6,61,-0.01329987575523029,0.01329987575523029
23,35,-0.013288812398423612,0.013288812398423612
36,47,-0.013256976415410961,0.013256976415410961
20,55,0.013212207198866836,0.013212207198866836
7,20,-0.01320461759297381,0.01320461759297381
3,59,-0.013180181297970734,0.013180181297970734
22,48,0.013177290303893578,0.013177290303893578
20,38,0.013080664650220892,0.013080664650220892
32,33,0.013052704268981278,0.013052704268981278
24,57,-0.013026848683750838,0.013026848683750838
14,19,0.013022400281842336,0.013022400281842336
27,48,0.013007537005024895,0.013007537005024895
48,60,0.012967601742773636,0.012967601742773636
4,22,-0.012927577008264565,0.012927577008264565
36,41,-0.012914386654490408,0.012914386654490408
7,13,-0.012908751041675978,0.012908751041675978
7,48,-0.012842464711346037,0.012842464711346037
29,52,-0.01277680953606973,0.01277680953606973
48,54,-0.012769017934430157,0.012769017934430157
21,27,-0.012742298025525026,0.012742298025525026
5,23,-0.01269910551017516,0.01269910551017516
41,58,0.01268337355141254,0.01268337355141254
1,61,-0.01261967059666747,0.01261967059666747
20,41,-0.012598431504010887,0.012598431504010887
9,36,-0.012551347116063975,0.012551347116063975
3,9,0.01252850507164762,0.01252850507164762
25,63,0.012517762271551542,0.012517762271551542
2,62,-0.012509999379829287,0.012509999379829287
20,40,-0.012473548995416332,0.012473548995416332
41,60,-0.012463655377941437,0.012463655377941437
4,8,-0.012436652201756583,0.012436652201756583
26,43,0.012413332742587407,0.012413332742587407
10,27,-0.012384141084925278,0.012384141084925278
32,58,0.012327149731697,0.012327149731697
34,45,-0.012312173522285011,0.012312173522285011
6,11,0.012295649772460391,0.012295649772460391
6,10,-0.012283702534033141,0.012283702534033141
22,61,-0.012272183853839887,0.012272183853839887
4,30,0.012267258699187097,0.012267258699187097
16,57,0.012202200472592245,0.012202200472592245
55,61,0.012199639840439978,0.012199639840439978
26,36,0.01211970246998474,0.01211970246998474
40,44,-0.01206964618421252,0.01206964618421252
3,17,0.012018087809608165,0.012018087809608165
45,57,0.011969568375892865,0.011969568375892865
14,63,0.011950862473622932,0.011950862473622932
24,29,0.01194747860004998,0.01194747860004998
59,61,0.011918293204219027,0.011918293204219027
19,24,0.011859446777581373,0.011859446777581373
13,30,0.011778035410116208,0.011778035410116208
39,44,-0.011749881281656521,0.011749881281656521
30,55,0.011739125308001312,0.011739125308001312
32,63,0.011681249605302403,0.011681249605302403
5,11,0.011654993966524266,0.011654993966524266
24,46,0.011633371689856127,0.011633371689856127
23,28,0.011631639174558795,0.011631639174558795
27,45,0.011403632643625228,0.011403632643625228
21,38,-0.011368671282003869,0.011368671282003869
9,29,-0.011348171955080606,0.011348171955080606
5,38,0.011318647935925092,0.011318647935925092
46,55,-0.011263397429741502,0.011263397429741502
32,60,-0.011241286040927946,0.011241286040927946
33,59,0.011225587480999145,0.011225587480999145
45,60,-0.011181283569447144,0.011181283569447144
17,27,-0.011122929862166708,0.011122929862166708
8,61,-0.011091037607989794,0.011091037607989794
14,60,-0.01107502648743629,0.01107502648743629
12,29,-0.01104506176637939,0.01104506176637939
15,62,0.01102531375193374,0.01102531375193374
0,32,-0.011017559151618245,0.011017559151618245
56,57,-0.010997848884916207,0.010997848884916207
25,58,0.010982220700775964,0.010982220700775964
27,57,0.010954355325056168,0.010954355325056168
48,58,0.010927926568098654,0.010927926568098654
4,53,0.010903005088880171,0.010903005088880171
0,40,-0.010821124491547204,0.010821124491547204
27,29,0.010732747262611054,0.010732747262611054
50,52,0.010685299013145685,0.010685299013145685
43,47,0.010619859261894021,0.010619859261894021
17,43,0.010540907006964742,0.010540907006964742
3,7,0.010441919615124353,0.010441919615124353
15,21,-0.010411718714460921,0.010411718714460921
11,36,0.010285176492573454,0.010285176492573454
1,14,0.010233098500012841,0.010233098500012841
6,34,0.010197474503214104,0.010197474503214104
6,18,0.0101949165014551,0.0101949165014551
23,48,-0.010194007088793864,0.010194007088793864
37,56,0.010190696208300178,0.010190696208300178
41,52,-0.010180307897081728,0.010180307897081728
11,54,-0.010160147930036424,0.010160147930036424
6,14,0.010154397471451434,0.010154397471451434
38,41,-0.01011913612822187,0.01011913612822187
11,35,-0.0100345973187381,0.0100345973187381
37,38,-0.010002815374591214,0.010002815374591214
18,37,-0.010002760419482927,0.010002760419482927
5,21,-0.010000671097704823,0.010000671097704823
35,41,0.009987788860198236,0.009987788860198236
36,53,-0.009968930415702144,0.009968930415702144
53,57,0.009865612341561294,0.009865612341561294
17,53,-0.009855381625839545,0.009855381625839545
27,50,0.009817070640477404,0.009817070640477404
17,23,0.00980116465719438,0.00980116465719438
20,21,-0.009751638457525875,0.009751638457525875
10,58,0.009747621276133907,0.009747621276133907
23,63,0.009721210694604986,0.009721210694604986
20,27,-0.009694613571561723,0.009694613571561723
24,39,-0.009587619991264888,0.009587619991264888
9,43,-0.009574194560446067,0.009574194560446067
7,62,-0.009530175283273738,0.009530175283273738
13,47,-0.009505943830965733,0.009505943830965733
8,32,0.009495344419691775,0.009495344419691775
33,40,0.009440024230369532,0.009440024230369532
22,38,0.009431506986377606,0.009431506986377606
50,62,-0.009430886065421255,0.009430886065421255
10,45,-0.00943060068556381,0.00943060068556381
0,34,-0.009381793316510218,0.009381793316510218
23,30,-0.009247749686733203,0.009247749686733203
26,32,-0.00921958592287892,0.00921958592287892
7,54,-0.009217472527993402,0.009217472527993402
6,52,0.009192849370115892,0.009192849370115892
35,51,0.009100635285753363,0.009100635285753363
34,57,0.009088745927721511,0.009088745927721511
4,59,-0.009046166016211584,0.009046166016211584
8,60,0.008989041850729415,0.008989041850729415
14,44,0.008974484401403422,0.008974484401403422
5,28,0.008935084172943166,0.008935084172943166
28,35,0.008930621731864282,0.008930621731864282
6,13,0.008855038397603175,0.008855038397603175
7,52,0.008845060053607304,0.008845060053607304
30,32,0.008755183753486455,0.008755183753486455
0,12,0.008749899414382912,0.008749899414382912
36,56,-0.00872886632796596,0.00872886632796596
3,23,-0.008723238049753997,0.008723238049753997
10,11,-0.008711615363210587,0.008711615363210587
26,50,0.008664717366905878,0.008664717366905878
21,26,-0.008645825119539562,0.008645825119539562
34,46,-0.008500802623797593,0.008500802623797593
3,51,-0.00839108370916362,0.00839108370916362
16,44,-0.008374984365581015,0.008374984365581015
48,62,-0.008367328873204483,0.008367328873204483
1,34,0.008236663679530944,0.008236663679530944
41,43,-0.008172159766471598,0.008172159766471598
59,63,-0.00812069556135613,0.00812069556135613
34,42,0.00809480655788345,0.00809480655788345
33,35,0.008058442725368571,0.008058442725368571
47,50,0.008040677341060436,0.008040677341060436
25,40,0.00801144041812264,0.00801144041812264
18,22,-0.007971559497555425,0.007971559497555425
48,56,-0.007962581729195325,0.007962581729195325
6,44,-0.007931186396842831,0.007931186396842831
36,59,0.0078610777395472,0.0078610777395472
15,38,0.007815410132382145,0.007815410132382145
22,24,0.007795743033064351,0.007795743033064351
3,19,-0.007779296988131056,0.007779296988131056
51,61,0.0076616977603311395,0.0076616977603311395
24,36,0.007631021542234419,0.007631021542234419
2,18,0.007630335352928313,0.007630335352928313
42,59,0.007615034653471424,0.007615034653471424
24,45,-0.007562248624393223,0.007562248624393223
6,47,-0.0075314183758500375,0.0075314183758500375
14,31,-0.007484925276207818,0.007484925276207818
40,60,0.0074575323301915835,0.0074575323301915835
6,24,0.007398080080170611,0.007398080080170611
8,39,-0.007291707698203874,0.007291707698203874
4,14,0.0072588703509717314,0.0072588703509717314
46,56,-0.0072542284892637325,0.0072542284892637325
15,36,0.0072532230051646765,0.0072532230051646765
32,36,-0.007219840505664336,0.007219840505664336
12,43,-0.007212838848103048,0.007212838848103048
21,31,-0.007146109200903567,0.007146109200903567
12,53,-0.007095020439462391,0.007095020439462391
26,53,-0.0070601563290363005,0.0070601563290363005
39,41,-0.0070507909143805465,0.0070507909143805465
14,55,-0.0069566887512237064,0.0069566887512237064
19,57,0.006913776511000179,0.006913776511000179
15,34,-0.00687752452450613,0.00687752452450613
11,55,-0.006874683876250326,0.006874683876250326
7,50,-0.006873670810852357,0.006873670810852357
19,31,0.006846884013389548,0.006846884013389548
17,49,-0.00682747705697659,0.00682747705697659
15,41,-0.006771352262186486,0.006771352262186486
41,56,-0.006764369460884107,0.006764369460884107
2,19,0.006763737460370979,0.006763737460370979
4,18,0.0067627122902007755,0.0067627122902007755
47,48,-0.006744686627104164,0.006744686627104164
42,61,0.006643006082569366,0.006643006082569366
8,43,-0.006591722747364494,0.006591722747364494
11,39,0.00657794088268215,0.00657794088268215
9,55,-0.006514400812541436,0.006514400812541436
18,53,0.006511886066643904,0.006511886066643904
21,39,0.0065015349178835415,0.0065015349178835415
31,36,-0.0064163144459137645,0.0064163144459137645
19,22,-0.006372296239728517,0.006372296239728517
10,29,-0.006267148344065055,0.006267148344065055
19,33,0.006183081516588253,0.006183081516588253
9,21,-0.006136521742779224,0.006136521742779224
38,62,-0.006136282699492519,0.006136282699492519
26,48,0.00607018897713715,0.00607018897713715
35,43,0.006066734338996676,0.006066734338996676
1,63,-0.005969532724589967,0.005969532724589967
12,13,0.005901524560896199,0.005901524560896199
34,63,0.005863615097641018,0.005863615097641018
23,36,0.005836725921184283,0.005836725921184283
41,61,-0.00580988056749692,0.00580988056749692
23,61,0.005789979404347944,0.005789979404347944
3,10,-0.005754996327751838,0.005754996327751838
40,52,0.005734588140787162,0.005734588140787162
8,33,0.005719648534285768,0.005719648534285768
4,7,-0.005702930232282067,0.005702930232282067
39,52,0.0056842911197572555,0.0056842911197572555
13,33,0.005613688037541418,0.005613688037541418
20,56,-0.005549812832881571,0.005549812832881571
13,58,-0.00548501855035548,0.00548501855035548
33,58,-0.005458379863485744,0.005458379863485744
54,55,-0.005457963550975739,0.005457963550975739
30,63,-0.005447720741249818,0.005447720741249818
31,62,-0.005439388671702137,0.005439388671702137
23,60,0.005435532383062669,0.005435532383062669
42,62,0.005398933471475539,0.005398933471475539
25,45,-0.005348805667220575,0.005348805667220575
3,42,-0.005312813705831577,0.005312813705831577
12,44,-0.005267481364473083,0.005267481364473083
15,23,0.005267414736599137,0.005267414736599137
29,62,-0.005236012581408975,0.005236012581408975
33,34,-0.005192318766298991,0.005192318766298991
32,62,0.00518916140265278,0.00518916140265278
14,46,0.0051551393686913504,0.0051551393686913504
14,48,0.005150313255121752,0.005150313255121752
37,53,-0.0050953521068992655,0.0050953521068992655
20,49,-0.005039094674265678,0.005039094674265678
22,60,-0.005038602511585304,0.005038602511585304
38,43,-0.005004597588584836,0.005004597588584836
23,42,-0.00495884632515713,0.00495884632515713
19,23,-0.004891450463576552,0.004891450463576552
30,51,0.00488778702367118,0.00488778702367118
25,26,-0.004854026166905211,0.004854026166905211
40,49,-0.004846956425703291,0.004846956425703291
14,21,0.0048165369494534375,0.0048165369494534375
2,13,-0.004816197406678347,0.004816197406678347
41,51,-0.0048020638477043924,0.0048020638477043924
22,55,-0.0048016441155033715,0.0048016441155033715
28,43,-0.004768660723705081,0.004768660723705081
35,59,-0.0047357737098604,0.0047357737098604
29,49,-0.004690898143325009,0.004690898143325009
15,51,-0.004659070246288039,0.004659070246288039
22,59,-0.004642324333369714,0.004642324333369714
22,56,-0.004624146302039241,0.004624146302039241
56,63,0.004612561635801979,0.004612561635801979
7,30,-0.004606798612809316,0.004606798612809316
27,54,0.0045353970252356175,0.0045353970252356175
0,31,-0.004436560178772039,0.004436560178772039
0,47,0.004361474729088645,0.004361474729088645
16,59,0.004360455444402282,0.004360455444402282
26,54,-0.004358157923611643,0.004358157923611643
0,14,-0.004311375797106911,0.004311375797106911
0,43,-0.0043024240441442265,0.0043024240441442265
40,41,0.0042183705247116985,0.0042183705247116985
23,43,0.004196264738459704,0.004196264738459704
2,14,-0.004184766236789738,0.004184766236789738
17,41,0.004094424916334223,0.004094424916334223
2,26,0.004091271823400371,0.004091271823400371
35,44,-0.004083057433447292,0.004083057433447292
58,59,0.004037722632792805,0.004037722632792805
0,3,0.003938971082745421,0.003938971082745421
3,25,-0.0038240350702021713,0.0038240350702021713
25,38,0.003735470900587696,0.003735470900587696
8,11,0.0037118508480186644,0.0037118508480186644
7,44,0.003704753807309464,0.003704753807309464
11,28,-0.0036862764253440842,0.0036862764253440842
29,54,-0.0036597029351905846,0.0036597029351905846
2,23,-0.0036067449708846004,0.0036067449708846004
17,33,-0.003577252785318315,0.003577252785318315
12,51,-0.0035026698556345033,0.0035026698556345033
25,43,0.003471073615689589,0.003471073615689589
38,46,0.0034510249404423607,0.0034510249404423607
12,25,0.0034377777899423523,0.0034377777899423523
55,58,0.003430425111951423,0.003430425111951423
12,20,0.003375668641581841,0.003375668641581841
15,32,-0.0032877459755667,0.0032877459755667
8,31,-0.003241508467900315,0.003241508467900315
42,47,-0.003220249506437928,0.003220249506437928
7,59,-0.0030516773513413805,0.0030516773513413805
10,61,0.0030060989666362108,0.0030060989666362108
25,59,-0.002966971681555057,0.002966971681555057
5,44,-0.002959611019209111,0.002959611019209111
30,59,0.0027880873441467244,0.0027880873441467244
4,15,-0.002785076695672203,0.002785076695672203
5,60,0.002745201436027509,0.002745201436027509
11,24,0.0027367754720308826,0.0027367754720308826
0,35,-0.0027167021938875645,0.0027167021938875645
3,56,0.002706518999558143,0.002706518999558143
16,18,-0.0026998115487623206,0.0026998115487623206
40,58,0.002686930465612373,0.002686930465612373
34,47,0.0026387479447484105,0.0026387479447484105
37,62,-0.0025830230370009356,0.0025830230370009356
3,50,0.0025828299644595465,0.0025828299644595465
13,22,0.002552362644887368,0.002552362644887368
17,56,0.0024941063071708554,0.0024941063071708554
1,47,0.002480336007784079,0.002480336007784079
5,31,-0.002466576473615744,0.002466576473615744
25,36,-0.0024314012759302293,0.0024314012759302293
1,2,0.0024188470571201177,0.0024188470571201177
20,61,0.002404164904888168,0.002404164904888168
5,42,-0.0023745892786444945,0.0023745892786444945
18,57,0.0023244283043948972,0.0023244283043948972
2,16,-0.002265923833283586,0.002265923833283586
36,49,-0.002247230194828451,0.002247230194828451
23,29,0.0021596695247522385,0.0021596695247522385
28,36,0.0021088397285334063,0.0021088397285334063
19,38,0.002105252124475651,0.002105252124475651
12,19,-0.0021040067448653953,0.0021040067448653953
32,59,0.002079969624331534,0.002079969624331534
54,62,0.0020390823065579372,0.0020390823065579372
45,63,-0.00198897204397555,0.00198897204397555
14,52,0.0019866316417591926,0.0019866316417591926
42,58,0.001980129208154889,0.001980129208154889
8,36,-0.0019120681572304561,0.0019120681572304561
23,49,-0.0018781679038796454,0.0018781679038796454
18,39,-0.0018330858308660716,0.0018330858308660716
14,50,-0.0018197041347797385,0.0018197041347797385
21,58,-0.0018043168140649648,0.0018043168140649648
40,53,-0.0018031565114669218,0.0018031565114669218
5,53,-0.0017065835983298347,0.0017065835983298347
7,49,-0.001703226471243124,0.001703226471243124
43,58,0.0016821417506132997,0.0016821417506132997
15,39,0.0016346355066067918,0.0016346355066067918
29,45,-0.0016171766098428755,0.0016171766098428755
32,49,0.00161095357017765,0.00161095357017765
10,18,-0.0015100193329208754,0.0015100193329208754
17,47,0.0015023315213998027,0.0015023315213998027
13,51,0.0014926083283971305,0.0014926083283971305
29,47,-0.0014728219833124263,0.0014728219833124263
31,45,-0.0014688617753475064,0.0014688617753475064
17,25,0.0014425813759787222,0.0014425813759787222
13,62,-0.0013778719128003177,0.0013778719128003177
2,5,-0.001371397317102639,0.001371397317102639
26,29,-0.0012971939852707947,0.0012971939852707947
26,51,0.0012356014830081272,0.0012356014830081272
21,33,-0.0011261266237265733,0.0011261266237265733
1,46,0.0011085747087740301,0.0011085747087740301
9,51,-0.0010667154373249518,0.0010667154373249518
31,46,-0.001045408066505283,0.001045408066505283
7,14,-0.001007609070112322,0.001007609070112322
42,43,0.0009555256349243233,0.0009555256349243233
1,11,-0.0009412286729457363,0.0009412286729457363
16,53,0.0009285510996249623,0.0009285510996249623
50,53,-0.0009082585804314132,0.0009082585804314132
12,54,0.0008792491811299709,0.0008792491811299709
48,55,0.0008447566592256241,0.0008447566592256241
20,35,-0.0008094089175388758,0.0008094089175388758
37,49,0.0008053842955195677,0.0008053842955195677
0,61,-0.000754820887669673,0.000754820887669673
46,58,0.0007461529022727484,0.0007461529022727484
55,56,0.0007324423509149959,0.0007324423509149959
27,63,-0.0006692440413052519,0.0006692440413052519
1,33,0.0005881136123350274,0.0005881136123350274
23,41,-0.0005578922102653581,0.0005578922102653581
5,24,-0.0005438988609978607,0.0005438988609978607
12,26,-0.0005400343387222852,0.0005400343387222852
27,59,0.0005340396216043783,0.0005340396216043783
21,45,-0.0005339098088697268,0.0005339098088697268
34,35,-0.0005204674350258343,0.0005204674350258343
8,30,-0.0004889376824244672,0.0004889376824244672
3,12,-0.00045179756716178497,0.00045179756716178497
47,59,0.0004282187818313555,0.0004282187818313555
46,52,0.00042732441002314383,0.00042732441002314383
13,17,-0.0003900821722480562,0.0003900821722480562
24,49,0.00038341422961183784,0.00038341422961183784
28,49,0.00036922758324534755,0.00036922758324534755
5,43,-0.00033132275516527216,0.00033132275516527216
18,24,-0.00032865175068698697,0.00032865175068698697
15,42,0.0003090678597173333,0.0003090678597173333
61,62,-0.0003027316231447407,0.0003027316231447407
0,52,0.00028810067082975097,0.00028810067082975097
11,32,0.0002533754059160698,0.0002533754059160698
18,40,-0.0001444303880193147,0.0001444303880193147
33,62,0.0001337609063899718,0.0001337609063899718
7,12,0.00012582731323160004,0.00012582731323160004
11,53,0.00011126375600254242,0.00011126375600254242
7,27,0.00010284008303369003,0.00010284008303369003
0,17,9.06635105313121e-05,9.06635105313121e-05
17,35,8.131628859297857e-05,8.131628859297857e-05
2,50,-6.269145733311434e-05,6.269145733311434e-05
45,49,-3.823253557530903e-05,3.823253557530903e-05
